No,Disease_japanese,Disease_english,ICD___,OMIM ID,,,,,,,,,,,,,,,,,,,,,,,,,,,,,,,,,,,,,,,,,,,,,
1,______,Inflammatory Bowel Disease,A00-A09,266600,601458,604519,605225,606348,606668,606674,606675,608448,,,,,,,,,,,,,,,,,,,,,,,,,,,,,,,,,,,,,
2,__,Tuberculosis,A15-A19,300259,607948,607949,,,,,,,,,,,,,,,,,,,,,,,,,,,,,,,,,,,,,,,,,,,
3,___,Sepsis,A30-A49,,,,,,,,,,,,,,,,,,,,,,,,,,,,,,,,,,,,,,,,,,,,,,
4,____,Kuru,A80-A89,245300,,,,,,,,,,,,,,,,,,,,,,,,,,,,,,,,,,,,,,,,,,,,,
5,_____________,Creutzfeldt-Jakob Disease,A80-A89,123400,,,,,,,,,,,,,,,,,,,,,,,,,,,,,,,,,,,,,,,,,,,,,
6,_______________________,Gerstmann-Straussler-Scheinker Disease,A80-A89,137440,,,,,,,,,,,,,,,,,,,,,,,,,,,,,,,,,,,,,,,,,,,,,
7,__________,Acute Viral Meningitis,A80-A89,,,,,,,,,,,,,,,,,,,,,,,,,,,,,,,,,,,,,,,,,,,,,,
8,_________,Fatal Familial Insomnia,A80-A89,,,,,,,,,,,,,,,,,,,,,,,,,,,,,,,,,,,,,,,,,,,,,,
9,_______,Viral Hepatitis,B15-B19,609532,610424,,,,,,,,,,,,,,,,,,,,,,,,,,,,,,,,,,,,,,,,,,,,
10,HIV__,Human Immunodeficiency Virus Infection,B20-B24,609423,,,,,,,,,,,,,,,,,,,,,,,,,,,,,,,,,,,,,,,,,,,,,
11,__________________,Allergic Bronchopulmonary Aspergillosis,B35-B49,103920,,,,,,,,,,,,,,,,,,,,,,,,,,,,,,,,,,,,,,,,,,,,,
12,______,Malaria Infection,B50-B64,609148,611162,,,,,,,,,,,,,,,,,,,,,,,,,,,,,,,,,,,,,,,,,,,,
13,________,Periodic Fever Syndrome,B50-B64,120100,142680,191900,249100,260920,607115,,,,,,,,,,,,,,,,,,,,,,,,,,,,,,,,,,,,,,,,
14,____________,Helicobacter Pylori Infection,B95-B98,600263,,,,,,,,,,,,,,,,,,,,,,,,,,,,,,,,,,,,,,,,,,,,,
15,__,Gastric Cancer,C15-C26,137215,,,,,,,,,,,,,,,,,,,,,,,,,,,,,,,,,,,,,,,,,,,,,
16,_____________,Hereditary Nonpolyposis Colon Cancer,C15-C26,120435,190182,600258,600259,600678,609310,,,,,,,,,,,,,,,,,,,,,,,,,,,,,,,,,,,,,,,,
17,___,Hepatoblastoma,C15-C26,,,,,,,,,,,,,,,,,,,,,,,,,,,,,,,,,,,,,,,,,,,,,,
18,____,Hepatocellular Carcinoma,C15-C26,114550,,,,,,,,,,,,,,,,,,,,,,,,,,,,,,,,,,,,,,,,,,,,,
19,___,Esophageal Cancer,C15-C26,133239,,,,,,,,,,,,,,,,,,,,,,,,,,,,,,,,,,,,,,,,,,,,,
20,___,Colorectal Cancer,C15-C26,114500,120435,190182,600258,600259,600678,608812,609310,,,,,,,,,,,,,,,,,,,,,,,,,,,,,,,,,,,,,,
21,___,Cholangiocarcinoma,C15-C26,615619,,,,,,,,,,,,,,,,,,,,,,,,,,,,,,,,,,,,,,,,,,,,,
22,__,Pancreatic Cancer,C15-C26,260350,606856,,,,,,,,,,,,,,,,,,,,,,,,,,,,,,,,,,,,,,,,,,,,
23,_____,Pancreatic Endocrine Tumor,C15-C26,,,,,,,,,,,,,,,,,,,,,,,,,,,,,,,,,,,,,,,,,,,,,,
24,_____,Nesidioblastosis of Pancreas,C15-C26,256450,,,,,,,,,,,,,,,,,,,,,,,,,,,,,,,,,,,,,,,,,,,,,
25,_____,Small Cell Lung Cancer,C30-C39,182280,,,,,,,,,,,,,,,,,,,,,,,,,,,,,,,,,,,,,,,,,,,,,
26,__,Lung Cancer,C30-C39,182280,211980,608935,,,,,,,,,,,,,,,,,,,,,,,,,,,,,,,,,,,,,,,,,,,
27,___,Lung Adenocarcinoma,C30-C39,211980,,,,,,,,,,,,,,,,,,,,,,,,,,,,,,,,,,,,,,,,,,,,,
28,______,Squamous Tumor of Lung Cancer,C30-C39,,,,,,,,,,,,,,,,,,,,,,,,,,,,,,,,,,,,,,,,,,,,,,
29,_____,Lung Cancer in Never Smokers,C30-C39,,,,,,,,,,,,,,,,,,,,,,,,,,,,,,,,,,,,,,,,,,,,,,
30,______,Non-Small Cell Lung Cancer,C30-C39,211980,603040,,,,,,,,,,,,,,,,,,,,,,,,,,,,,,,,,,,,,,,,,,,,
31,_______,Ewing's Sarcoma,C40-C41,133450,,,,,,,,,,,,,,,,,,,,,,,,,,,,,,,,,,,,,,,,,,,,,
32,___,Osteosarcoma,C40-C41,165660,180200,259500,603045,,,,,,,,,,,,,,,,,,,,,,,,,,,,,,,,,,,,,,,,,,
33,____,Chondrosarcoma,C40-C41,215300,600542,,,,,,,,,,,,,,,,,,,,,,,,,,,,,,,,,,,,,,,,,,,,
34,_____,Basal Cell Carcinoma,C43-C44,604451,605462,,,,,,,,,,,,,,,,,,,,,,,,,,,,,,,,,,,,,,,,,,,,
35,___,Melanoma,C43-C44,155600,155601,155700,155720,155770,606660,606661,608035,609048,,,,,,,,,,,,,,,,,,,,,,,,,,,,,,,,,,,,,
36,_______,Cutaneous Squamous Cell Carcinoma,C43-C44,,,,,,,,,,,,,,,,,,,,,,,,,,,,,,,,,,,,,,,,,,,,,,
37,_________,Dermatofibrosarcoma Protuberans,C43-C44,607907,,,,,,,,,,,,,,,,,,,,,,,,,,,,,,,,,,,,,,,,,,,,,
38,_____,Kaposi's Sarcoma,C45-C49,148000,,,,,,,,,,,,,,,,,,,,,,,,,,,,,,,,,,,,,,,,,,,,,
39,_____,Rhabdomyosarcoma,C45-C49,180295,268210,268220,,,,,,,,,,,,,,,,,,,,,,,,,,,,,,,,,,,,,,,,,,,
40,____,Synovial Sarcoma,C45-C49,312820,,,,,,,,,,,,,,,,,,,,,,,,,,,,,,,,,,,,,,,,,,,,,
41,_______,Hemangiopericytoma,C45-C49,234820,,,,,,,,,,,,,,,,,,,,,,,,,,,,,,,,,,,,,,,,,,,,,
42,____,Liposarcoma,C45-C49,126337,,,,,,,,,,,,,,,,,,,,,,,,,,,,,,,,,,,,,,,,,,,,,
43,___,Mesothelioma,C45-C49,156240,,,,,,,,,,,,,,,,,,,,,,,,,,,,,,,,,,,,,,,,,,,,,
44,____,Soft Tissue Sarcoma,C45-C49,,,,,,,,,,,,,,,,,,,,,,,,,,,,,,,,,,,,,,,,,,,,,,
45,______,Alveolar Soft Part Sarcoma,C45-C49,606243,,,,,,,,,,,,,,,,,,,,,,,,,,,,,,,,,,,,,,,,,,,,,
46,______,Peripheral Nerve Sheath Tumors,C45-C49,,,,,,,,,,,,,,,,,,,,,,,,,,,,,,,,,,,,,,,,,,,,,,
47,__,Breast Cancer,C50-C50,113705,114480,211410,211420,600048,600185,605365,,,,,,,,,,,,,,,,,,,,,,,,,,,,,,,,,,,,,,,
48,_______,Sertoli Cell Tumor,C51-C58,,,,,,,,,,,,,,,,,,,,,,,,,,,,,,,,,,,,,,,,,,,,,,
49,_________,Leydig Cell Tumor,C51-C58,,,,,,,,,,,,,,,,,,,,,,,,,,,,,,,,,,,,,,,,,,,,,,
50,_____,Endometrial Cancer,C51-C58,608089,,,,,,,,,,,,,,,,,,,,,,,,,,,,,,,,,,,,,,,,,,,,,
51,____,Cervix Cancer,C51-C58,603956,,,,,,,,,,,,,,,,,,,,,,,,,,,,,,,,,,,,,,,,,,,,,
52,___,Carcinoma of the Fallopian Tube,C51-C58,,,,,,,,,,,,,,,,,,,,,,,,,,,,,,,,,,,,,,,,,,,,,,
53,___,Ovarian Cancer,C51-C58,167000,603737,604370,607893,,,,,,,,,,,,,,,,,,,,,,,,,,,,,,,,,,,,,,,,,,
54,___,Choriocarcinoma,C51-C58,,,,,,,,,,,,,,,,,,,,,,,,,,,,,,,,,,,,,,,,,,,,,,
55,____,Seminoma,C60-C63,273300,,,,,,,,,,,,,,,,,,,,,,,,,,,,,,,,,,,,,,,,,,,,,
56,____,Prostate Cancer,C60-C63,176807,300147,601518,602759,607592,608656,608658,609299,,,,,,,,,,,,,,,,,,,,,,,,,,,,,,,,,,,,,,
57,_____,Nonseminoma,C60-C63,,,,,,,,,,,,,,,,,,,,,,,,,,,,,,,,,,,,,,,,,,,,,,
58,_______,Wilms' tumor,C64-C68,,,,,,,,,,,,,,,,,,,,,,,,,,,,,,,,,,,,,,,,,,,,,,
59,___,Nephroblastoma,C64-C68,194070,,,,,,,,,,,,,,,,,,,,,,,,,,,,,,,,,,,,,,,,,,,,,
60,____,Renal Cell Carcinoma,C64-C68,144700,179760,179770,605074,605075,,,,,,,,,,,,,,,,,,,,,,,,,,,,,,,,,,,,,,,,,
61,___,Bladder Cancer,C64-C68,109800,,,,,,,,,,,,,,,,,,,,,,,,,,,,,,,,,,,,,,,,,,,,,
62,________,Turcot Syndrome,C69-C72,276300,,,,,,,,,,,,,,,,,,,,,,,,,,,,,,,,,,,,,,,,,,,,,
63,__________,Oligoastrocytoma,C69-C72,,,,,,,,,,,,,,,,,,,,,,,,,,,,,,,,,,,,,,,,,,,,,,
64,___,Ependymoma,C69-C72,,,,,,,,,,,,,,,,,,,,,,,,,,,,,,,,,,,,,,,,,,,,,,
65,____,Glioma,C69-C72,137800,607248,,,,,,,,,,,,,,,,,,,,,,,,,,,,,,,,,,,,,,,,,,,,
66,___,Medulloblastoma,C69-C72,,,,,,,,,,,,,,,,,,,,,,,,,,,,,,,,,,,,,,,,,,,,,,
67,_____,Astrocytoma,C69-C72,137800,,,,,,,,,,,,,,,,,,,,,,,,,,,,,,,,,,,,,,,,,,,,,
68,________,Anaplastic astrocytoma,C69-C72,,,,,,,,,,,,,,,,,,,,,,,,,,,,,,,,,,,,,,,,,,,,,,
69,________,Oligo-astrocytoma,C69-C72,,,,,,,,,,,,,,,,,,,,,,,,,,,,,,,,,,,,,,,,,,,,,,
70,_____,Oligodendroglioma,C69-C72,,,,,,,,,,,,,,,,,,,,,,,,,,,,,,,,,,,,,,,,,,,,,,
71,___________,Primitive Neuroectodermal Tumor,C69-C72,127000,146200,601199,602014,,,,,,,,,,,,,,,,,,,,,,,,,,,,,,,,,,,,,,,,,,
72,__________,Pilocytic astrocytoma,C69-C72,,,,,,,,,,,,,,,,,,,,,,,,,,,,,,,,,,,,,,,,,,,,,,
73,____,Retinoblastoma,C69-C72,180200,308290,,,,,,,,,,,,,,,,,,,,,,,,,,,,,,,,,,,,,,,,,,,,
74,___,Glioblastoma,C69-C72,137800,,,,,,,,,,,,,,,,,,,,,,,,,,,,,,,,,,,,,,,,,,,,,
75,_____,Thyroid Neoplasia,C73-C75,155240,171400,188470,188550,603372,603386,605642,606240,607464,,,,,,,,,,,,,,,,,,,,,,,,,,,,,,,,,,,,,
76,____,Neuroblastoma,C73-C75,256700,,,,,,,,,,,,,,,,,,,,,,,,,,,,,,,,,,,,,,,,,,,,,
77,___,Adrenal Carcinoma,C73-C75,,,,,,,,,,,,,,,,,,,,,,,,,,,,,,,,,,,,,,,,,,,,,,
78,________,Carcinoid Tumor,C76-C80,114900,,,,,,,,,,,,,,,,,,,,,,,,,,,,,,,,,,,,,,,,,,,,,
79,____,Embryonal Carcinoma,C76-C80,,,,,,,,,,,,,,,,,,,,,,,,,,,,,,,,,,,,,,,,,,,,,,
80,______,Metastatic Tumor of the Liver,C76-C80,,,,,,,,,,,,,,,,,,,,,,,,,,,,,,,,,,,,,,,,,,,,,,
81,______,Metastatic Tumor of Bone,C76-C80,,,,,,,,,,,,,,,,,,,,,,,,,,,,,,,,,,,,,,,,,,,,,,
82,____,Head and Neck Cancer,C76-C80,,,,,,,,,,,,,,,,,,,,,,,,,,,,,,,,,,,,,,,,,,,,,,
83,______,Endodermal Sinus Tumor,C76-C80,,,,,,,,,,,,,,,,,,,,,,,,,,,,,,,,,,,,,,,,,,,,,,
84,___,Germinoma,C76-C80,,,,,,,,,,,,,,,,,,,,,,,,,,,,,,,,,,,,,,,,,,,,,,
85,______,Germ Cell Tumor,C76-C80,273300,300228,603737,605288,,,,,,,,,,,,,,,,,,,,,,,,,,,,,,,,,,,,,,,,,,
86,B______,B-cell Lymphoma,C81-C96,151430,,,,,,,,,,,,,,,,,,,,,,,,,,,,,,,,,,,,,,,,,,,,,
87,B___________,B-cell Chronic Lymphocytic Leukaemia,C81-C96,109543,151430,,,,,,,,,,,,,,,,,,,,,,,,,,,,,,,,,,,,,,,,,,,,
88,MALT____,MALT Lymphoma,C81-C96,,,,,,,,,,,,,,,,,,,,,,,,,,,,,,,,,,,,,,,,,,,,,,
89,POEMS___,POEMS Syndrome,C81-C96,,,,,,,,,,,,,,,,,,,,,,,,,,,,,,,,,,,,,,,,,,,,,,
90,T___________,T-cell Acute Lymphoid Leukemia,C81-C96,,,,,,,,,,,,,,,,,,,,,,,,,,,,,,,,,,,,,,,,,,,,,,
91,___________,Diffuse Large-Cell Lymphoma,C81-C96,,,,,,,,,,,,,,,,,,,,,,,,,,,,,,,,,,,,,,,,,,,,,,
92,________B______,Diffuse Large B-cell Lymphoma,C81-C96,,,,,,,,,,,,,,,,,,,,,,,,,,,,,,,,,,,,,,,,,,,,,,
93,____H__,alpha Heavy Chain Disease,C81-C96,,,,,,,,,,,,,,,,,,,,,,,,,,,,,,,,,,,,,,,,,,,,,,
94,___H__,gamma Heavy Chain Disease,C81-C96,,,,,,,,,,,,,,,,,,,,,,,,,,,,,,,,,,,,,,,,,,,,,,
95,_________,Crow-Fukase Syndrome,C81-C96,,,,,,,,,,,,,,,,,,,,,,,,,,,,,,,,,,,,,,,,,,,,,,
96,_______,Sezary Syndrome,C81-C96,,,,,,,,,,,,,,,,,,,,,,,,,,,,,,,,,,,,,,,,,,,,,,
97,_________,Burkitt's Lymphoma,C81-C96,113970,,,,,,,,,,,,,,,,,,,,,,,,,,,,,,,,,,,,,,,,,,,,,
98,_________,Plasma-cell Leukaemia,C81-C96,,,,,,,,,,,,,,,,,,,,,,,,,,,,,,,,,,,,,,,,,,,,,,
99,________,Hodgkin's Lymphoma,C81-C96,236000,300221,400021,,,,,,,,,,,,,,,,,,,,,,,,,,,,,,,,,,,,,,,,,,,
100,__________,Mantle-cell Lymphoma,C81-C96,,,,,,,,,,,,,,,,,,,,,,,,,,,,,,,,,,,,,,,,,,,,,,
101,___H__,mu Heavy Chain Disease,C81-C96,,,,,,,,,,,,,,,,,,,,,,,,,,,,,,,,,,,,,,,,,,,,,,
102,_____________,Lymphoplasmacytic Lymphoma,C81-C96,,,,,,,,,,,,,,,,,,,,,,,,,,,,,,,,,,,,,,,,,,,,,,
103,____________________,Waldenstrom's Macroglobulinemia,C81-C96,153600,177820,193400,277480,314560,,,,,,,,,,,,,,,,,,,,,,,,,,,,,,,,,,,,,,,,,
104,_________,Acute Lymphoid Leukemia,C81-C96,,,,,,,,,,,,,,,,,,,,,,,,,,,,,,,,,,,,,,,,,,,,,,
105,________,Acute Myeloid Leukemia,C81-C96,246470,601626,602439,,,,,,,,,,,,,,,,,,,,,,,,,,,,,,,,,,,,,,,,,,,
106,________FAB-M0,Minimally Differentiated Leukemia,C81-C96,,,,,,,,,,,,,,,,,,,,,,,,,,,,,,,,,,,,,,,,,,,,,,
107,________FAB-M1,Myeloblastic Leukemia without Maturation,C81-C96,,,,,,,,,,,,,,,,,,,,,,,,,,,,,,,,,,,,,,,,,,,,,,
108,________FAB-M2,Myeloblastic Leukemia with Maturation,C81-C96,,,,,,,,,,,,,,,,,,,,,,,,,,,,,,,,,,,,,,,,,,,,,,
109,________FAB-M3,Hypergranular Promyelocytic Leukemia,C81-C96,,,,,,,,,,,,,,,,,,,,,,,,,,,,,,,,,,,,,,,,,,,,,,
110,________FAB-M4,Myelomonocytic Leukemia,C81-C96,,,,,,,,,,,,,,,,,,,,,,,,,,,,,,,,,,,,,,,,,,,,,,
111,________FAB-M4Eo,Myelomonocytic Leukemia Variant: Increase in Abnormal Marrow Eosinophils,C81-C96,,,,,,,,,,,,,,,,,,,,,,,,,,,,,,,,,,,,,,,,,,,,,,
112,________FAB-M6,Erythroleukemia,C81-C96,133180,,,,,,,,,,,,,,,,,,,,,,,,,,,,,,,,,,,,,,,,,,,,,
113,________FAB-M7,Megakaryoblastic leukemia,C81-C96,,,,,,,,,,,,,,,,,,,,,,,,,,,,,,,,,,,,,,,,,,,,,,
114,_____,Mycosis Fungoides,C81-C96,254400,,,,,,,,,,,,,,,,,,,,,,,,,,,,,,,,,,,,,,,,,,,,,
115,__________________,Nodular Lymphocyte-Predominant Hodgkin's Lymphoma,C81-C96,,,,,,,,,,,,,,,,,,,,,,,,,,,,,,,,,,,,,,,,,,,,,,
116,__________,Primary Effusion Lymphoma,C81-C96,,,,,,,,,,,,,,,,,,,,,,,,,,,,,,,,,,,,,,,,,,,,,,
117,___________,Classical Hodgkin's Lymphoma,C81-C96,,,,,,,,,,,,,,,,,,,,,,,,,,,,,,,,,,,,,,,,,,,,,,
118,__T______/___,Adult T Cell Lymphoma/Leukemia,C81-C96,,,,,,,,,,,,,,,,,,,,,,,,,,,,,,,,,,,,,,,,,,,,,,
119,__________,Primary Testicular Lymphoma,C81-C96,,,,,,,,,,,,,,,,,,,,,,,,,,,,,,,,,,,,,,,,,,,,,,
120,___B___________,Precursor B Cell Acute Lymphoid Leukemia,C81-C96,,,,,,,,,,,,,,,,,,,,,,,,,,,,,,,,,,,,,,,,,,,,,,
121,___T__________,Precursor T cell Lymphoblastic Lymphoma,C81-C96,,,,,,,,,,,,,,,,,,,,,,,,,,,,,,,,,,,,,,,,,,,,,,
122,______,Multiple Myeloma,C81-C96,254500,,,,,,,,,,,,,,,,,,,,,,,,,,,,,,,,,,,,,,,,,,,,,
123,______,Monocytic Leukemia,C81-C96,151380,,,,,,,,,,,,,,,,,,,,,,,,,,,,,,,,,,,,,,,,,,,,,
124,__T______,Cutaneous T cell Lymphoma,C81-C96,,,,,,,,,,,,,,,,,,,,,,,,,,,,,,,,,,,,,,,,,,,,,,
125,_________,Non-Hodgkin's Lymphoma,C81-C96,605027,,,,,,,,,,,,,,,,,,,,,,,,,,,,,,,,,,,,,,,,,,,,,
126,___T______,Peripheral T Cell Lymphoma,C81-C96,,,,,,,,,,,,,,,,,,,,,,,,,,,,,,,,,,,,,,,,,,,,,,
127,________,Chronic Myelogenous Leukemia,C81-C96,608232,,,,,,,,,,,,,,,,,,,,,,,,,,,,,,,,,,,,,,,,,,,,,
128,______T____,Anaplastic Large T-cell Lymphoma,C81-C96,,,,,,,,,,,,,,,,,,,,,,,,,,,,,,,,,,,,,,,,,,,,,,
129,_________,Immunoblastic lymphoma,C81-C96,,,,,,,,,,,,,,,,,,,,,,,,,,,,,,,,,,,,,,,,,,,,,,
130,_________,Immunoproliferative Small Intestinal Disease,C81-C96,,,,,,,,,,,,,,,,,,,,,,,,,,,,,,,,,,,,,,,,,,,,,,
131,_______,Hairy Cell Leukemia,C81-C96,,,,,,,,,,,,,,,,,,,,,,,,,,,,,,,,,,,,,,,,,,,,,,
132,_______,Follicular Lymphoma,C81-C96,151430,,,,,,,,,,,,,,,,,,,,,,,,,,,,,,,,,,,,,,,,,,,,,
133,_______,Ductal Carcinoma in Situ,D00-D09,,,,,,,,,,,,,,,,,,,,,,,,,,,,,,,,,,,,,,,,,,,,,,
134,VIP__,Vipoma,D10-D36,,,,,,,,,,,,,,,,,,,,,,,,,,,,,,,,,,,,,,,,,,,,,,
135,_______,Insulinoma,D10-D36,,,,,,,,,,,,,,,,,,,,,,,,,,,,,,,,,,,,,,,,,,,,,,
136,_______,Carney Complex,D10-D36,160980,605244,608837,,,,,,,,,,,,,,,,,,,,,,,,,,,,,,,,,,,,,,,,,,,
137,_______,Glucagonoma,D10-D36,,,,,,,,,,,,,,,,,,,,,,,,,,,,,,,,,,,,,,,,,,,,,,
138,____________,Somatostatinoma Syndrome,D10-D36,,,,,,,,,,,,,,,,,,,,,,,,,,,,,,,,,,,,,,,,,,,,,,
139,_______,Familial Adenomatous Polyposis,D10-D36,175100,,,,,,,,,,,,,,,,,,,,,,,,,,,,,,,,,,,,,,,,,,,,,
140,_____,Pheochromocytoma,D10-D36,115310,171300,171400,171420,,,,,,,,,,,,,,,,,,,,,,,,,,,,,,,,,,,,,,,,,,
141,_____________,TSH-Secreting Adenomas,D10-D36,,,,,,,,,,,,,,,,,,,,,,,,,,,,,,,,,,,,,,,,,,,,,,
142,____,Osteochondroma,D10-D36,,,,,,,,,,,,,,,,,,,,,,,,,,,,,,,,,,,,,,,,,,,,,,
143,___,Lipoma,D10-D36,151700,151900,,,,,,,,,,,,,,,,,,,,,,,,,,,,,,,,,,,,,,,,,,,,
144,__________,Hypothalamic Gangliocytoma,D10-D36,,,,,,,,,,,,,,,,,,,,,,,,,,,,,,,,,,,,,,,,,,,,,,
145,____________,Dysplastic gangliocytoma of cerebellum,D10-D36,,,,,,,,,,,,,,,,,,,,,,,,,,,,,,,,,,,,,,,,,,,,,,
146,____,Schwannoma,D10-D36,,,,,,,,,,,,,,,,,,,,,,,,,,,,,,,,,,,,,,,,,,,,,,
147,_______,Neuroendocrine Tumor,D10-D36,,,,,,,,,,,,,,,,,,,,,,,,,,,,,,,,,,,,,,,,,,,,,,
148,_______________,Gonadotropin-Producing Pituitary Adenoma,D10-D36,,,,,,,,,,,,,,,,,,,,,,,,,,,,,,,,,,,,,,,,,,,,,,
149,________,Polyposis Coli,D10-D36,175100,,,,,,,,,,,,,,,,,,,,,,,,,,,,,,,,,,,,,,,,,,,,,
150,___,Myxoma,D10-D36,255960,,,,,,,,,,,,,,,,,,,,,,,,,,,,,,,,,,,,,,,,,,,,,
151,__________,Pulmonary Lymphangioleiomyomatosis,D10-D36,,,,,,,,,,,,,,,,,,,,,,,,,,,,,,,,,,,,,,,,,,,,,,
152,____,Leiomyoma,D10-D36,150699,150700,150800,,,,,,,,,,,,,,,,,,,,,,,,,,,,,,,,,,,,,,,,,,,
153,_______,Cowden's syndrome,D37-D48,,,,,,,,,,,,,,,,,,,,,,,,,,,,,,,,,,,,,,,,,,,,,,
154,_______,Gastrinoma,D37-D48,,,,,,,,,,,,,,,,,,,,,,,,,,,,,,,,,,,,,,,,,,,,,,
155,________,Castleman's Disease,D37-D48,,,,,,,,,,,,,,,,,,,,,,,,,,,,,,,,,,,,,,,,,,,,,,
156,__________,Li-Fraumeni Syndrome,D37-D48,151623,609265,609266,,,,,,,,,,,,,,,,,,,,,,,,,,,,,,,,,,,,,,,,,,,
157,_____,Pituitary Tumor,D37-D48,,,,,,,,,,,,,,,,,,,,,,,,,,,,,,,,,,,,,,,,,,,,,,
158,___________,Familial Paraganglioma Syndrome,D37-D48,115310,168000,,,,,,,,,,,,,,,,,,,,,,,,,,,,,,,,,,,,,,,,,,,,
159,___,Teratoma,D37-D48,166950,273120,273300,,,,,,,,,,,,,,,,,,,,,,,,,,,,,,,,,,,,,,,,,,,
160,____,Hemangioblastoma,D37-D48,,,,,,,,,,,,,,,,,,,,,,,,,,,,,,,,,,,,,,,,,,,,,,
161,____,Goiter,D37-D48,138800,188450,300273,606082,,,,,,,,,,,,,,,,,,,,,,,,,,,,,,,,,,,,,,,,,,
162,________,Myelodysplastic Syndrome,D37-D48,,,,,,,,,,,,,,,,,,,,,,,,,,,,,,,,,,,,,,,,,,,,,,
163,_____,Myelofibrosis,D37-D48,,,,,,,,,,,,,,,,,,,,,,,,,,,,,,,,,,,,,,,,,,,,,,
164,_______,GIST,D37-D48,606764,,,,,,,,,,,,,,,,,,,,,,,,,,,,,,,,,,,,,,,,,,,,,
165,________,Polycythemia Vera,D37-D48,263300,,,,,,,,,,,,,,,,,,,,,,,,,,,,,,,,,,,,,,,,,,,,,
166,___,Meningiomas,D37-D48,,,,,,,,,,,,,,,,,,,,,,,,,,,,,,,,,,,,,,,,,,,,,,
167,_________,Desmoplastic Small Round-cell Tumor,D37-D48,,,,,,,,,,,,,,,,,,,,,,,,,,,,,,,,,,,,,,,,,,,,,,
168,_____,Adenoid-cystic carcinoma,D37-D48,,,,,,,,,,,,,,,,,,,,,,,,,,,,,,,,,,,,,,,,,,,,,,
169,_________1_,Multiple Endocrine Neoplasia Type 1,D37-D48,131100,,,,,,,,,,,,,,,,,,,,,,,,,,,,,,,,,,,,,,,,,,,,,
170,_________2_,Multiple Endocrine Neoplasia Type 2,D37-D48,162300,171400,,,,,,,,,,,,,,,,,,,,,,,,,,,,,,,,,,,,,,,,,,,,
171,_____,Craniopharyngioma,D37-D48,,,,,,,,,,,,,,,,,,,,,,,,,,,,,,,,,,,,,,,,,,,,,,
172,______,Soft Tissue Tumor,D37-D48,,,,,,,,,,,,,,,,,,,,,,,,,,,,,,,,,,,,,,,,,,,,,,
173,___,Brain Tumor,D37-D48,609322,,,,,,,,,,,,,,,,,,,,,,,,,,,,,,,,,,,,,,,,,,,,,
174,_____,Refractory anemia,D37-D48,,,,,,,,,,,,,,,,,,,,,,,,,,,,,,,,,,,,,,,,,,,,,,
175,________,Juxtaglomerular Cell Tumor,D37-D48,,,,,,,,,,,,,,,,,,,,,,,,,,,,,,,,,,,,,,,,,,,,,,
176,__________,Chronic Idiopathic Myelofibrosis,D37-D48,,,,,,,,,,,,,,,,,,,,,,,,,,,,,,,,,,,,,,,,,,,,,,
177,________,Epithelioid Hemangioendothelioma,D37-D48,,,,,,,,,,,,,,,,,,,,,,,,,,,,,,,,,,,,,,,,,,,,,,
178,________,Pancreatic Neuroendocrine Tumor,D37-D48,,,,,,,,,,,,,,,,,,,,,,,,,,,,,,,,,,,,,,,,,,,,,,
179,______,Granulosa Cell Tumor,D37-D48,,,,,,,,,,,,,,,,,,,,,,,,,,,,,,,,,,,,,,,,,,,,,,
180,_________II___,Deficiency of Transcobalamin II,D50-D53,275350,,,,,,,,,,,,,,,,,,,,,,,,,,,,,,,,,,,,,,,,,,,,,
181,____,Pernicious Anemia,D50-D53,170900,261000,261100,,,,,,,,,,,,,,,,,,,,,,,,,,,,,,,,,,,,,,,,,,,
182,_______,Megaloblastic Anemia,D50-D53,126060,153550,249270,261100,,,,,,,,,,,,,,,,,,,,,,,,,,,,,,,,,,,,,,,,,,
183,______,Iron Deficiency Anemia,D50-D53,,,,,,,,,,,,,,,,,,,,,,,,,,,,,,,,,,,,,,,,,,,,,,
184,____________,alpha-Thalassemia Syndrome,D55-D59,141800,,,,,,,,,,,,,,,,,,,,,,,,,,,,,,,,,,,,,,,,,,,,,
185,_____-6-______________,G6PD Deficiency,D55-D59,,,,,,,,,,,,,,,,,,,,,,,,,,,,,,,,,,,,,,,,,,,,,,
186,___________,beta-Thalassemia Syndrome,D55-D59,141900,187550,603902,,,,,,,,,,,,,,,,,,,,,,,,,,,,,,,,,,,,,,,,,,,
187,_________,Hereditary Spherocytosis,D55-D59,182900,270970,,,,,,,,,,,,,,,,,,,,,,,,,,,,,,,,,,,,,,,,,,,,
188,_________,Hereditary Stomatocytosis,D55-D59,185000,,,,,,,,,,,,,,,,,,,,,,,,,,,,,,,,,,,,,,,,,,,,,
189,_________,Hereditary Elliptocytosis,D55-D59,109270,130500,,,,,,,,,,,,,,,,,,,,,,,,,,,,,,,,,,,,,,,,,,,,
190,__________,Hereditary Pyropoikilocytosis,D55-D59,266140,,,,,,,,,,,,,,,,,,,,,,,,,,,,,,,,,,,,,,,,,,,,,
191,________,Sickle Cell Syndrome,D55-D59,603903,,,,,,,,,,,,,,,,,,,,,,,,,,,,,,,,,,,,,,,,,,,,,
192,______________,High oxygen affinity hemoglobin erythremia,D55-D59,,,,,,,,,,,,,,,,,,,,,,,,,,,,,,,,,,,,,,,,,,,,,,
193,________,Congenital hemolytic anemia,D55-D59,,,,,,,,,,,,,,,,,,,,,,,,,,,,,,,,,,,,,,,,,,,,,,
194,_____________,Paroxysmal Nocturnal Hemoglobinuria,D55-D59,311770,,,,,,,,,,,,,,,,,,,,,,,,,,,,,,,,,,,,,,,,,,,,,
195,________,Immune Hemolysis,D55-D59,,,,,,,,,,,,,,,,,,,,,,,,,,,,,,,,,,,,,,,,,,,,,,
196,______,Spur Cell Anemia,D55-D59,,,,,,,,,,,,,,,,,,,,,,,,,,,,,,,,,,,,,,,,,,,,,,
197,X________,X-Linked Sideroblastic Anemia,D60-D64,301300,,,,,,,,,,,,,,,,,,,,,,,,,,,,,,,,,,,,,,,,,,,,,
198,_______,Fanconi's Anemia,D60-D64,227645,227646,227650,300514,600901,602956,603467,605724,608111,609053,609054,609644,,,,,,,,,,,,,,,,,,,,,,,,,,,,,,,,,,
199,_________,Hereditary sideroblastic anemia,D60-D64,,,,,,,,,,,,,,,,,,,,,,,,,,,,,,,,,,,,,,,,,,,,,,
200,_______,Anaplastic anemia,D60-D64,,,,,,,,,,,,,,,,,,,,,,,,,,,,,,,,,,,,,,,,,,,,,,
201,_________,Idiopathic sideroblastic anemia,D60-D64,,,,,,,,,,,,,,,,,,,,,,,,,,,,,,,,,,,,,,,,,,,,,,
202,____2______________,Alpha2 Plasmin Inhibitor Deficiency,D65-D69,262850,,,,,,,,,,,,,,,,,,,,,,,,,,,,,,,,,,,,,,,,,,,,,
203,___________,Antithrombin Deficiency,D65-D69,107300,,,,,,,,,,,,,,,,,,,,,,,,,,,,,,,,,,,,,,,,,,,,,
204,_________,Epstein syndrome,D65-D69,,,,,,,,,,,,,,,,,,,,,,,,,,,,,,,,,,,,,,,,,,,,,,
205,_______,Glanzmann's Disease,D65-D69,,,,,,,,,,,,,,,,,,,,,,,,,,,,,,,,,,,,,,,,,,,,,,
206,_________,Sebastian syndrome,D65-D69,,,,,,,,,,,,,,,,,,,,,,,,,,,,,,,,,,,,,,,,,,,,,,
207,____________,Dysfibrinogenemia,D65-D69,134820,202400,,,,,,,,,,,,,,,,,,,,,,,,,,,,,,,,,,,,,,,,,,,,
208,_________,Fechtner syndrome,D65-D69,,,,,,,,,,,,,,,,,,,,,,,,,,,,,,,,,,,,,,,,,,,,,,
209,__________,von Willebrand's Disease,D65-D69,177820,193400,277480,314560,,,,,,,,,,,,,,,,,,,,,,,,,,,,,,,,,,,,,,,,,,
210,______________________,Plasminogen Activator Inhibitor 1 Deficiency,D65-D69,,,,,,,,,,,,,,,,,,,,,,,,,,,,,,,,,,,,,,,,,,,,,,
211,_____C___,Protein C Deficiency,D65-D69,176860,,,,,,,,,,,,,,,,,,,,,,,,,,,,,,,,,,,,,,,,,,,,,
212,_____S___,Protein S Deficiency,D65-D69,176880,,,,,,,,,,,,,,,,,,,,,,,,,,,,,,,,,,,,,,,,,,,,,
213,__________,Prothrombin Deficiency,D65-D69,176930,,,,,,,,,,,,,,,,,,,,,,,,,,,,,,,,,,,,,,,,,,,,,
214,______________,Henoch-Schonlein Purpura,D65-D69,,,,,,,,,,,,,,,,,,,,,,,,,,,,,,,,,,,,,,,,,,,,,,
215,_____________,Bernard-Soulier Syndrome,D65-D69,153670,231200,,,,,,,,,,,,,,,,,,,,,,,,,,,,,,,,,,,,,,,,,,,,
216,________C___,Resistance to Activated Protein C,D65-D69,188055,,,,,,,,,,,,,,,,,,,,,,,,,,,,,,,,,,,,,,,,,,,,,
217,___A,Hemophilia A,D65-D69,134500,306700,306800,,,,,,,,,,,,,,,,,,,,,,,,,,,,,,,,,,,,,,,,,,,
218,___B,Hemophilia B,D65-D69,306900,,,,,,,,,,,,,,,,,,,,,,,,,,,,,,,,,,,,,,,,,,,,,
219,___________,Hyperfibrinogenemia,D65-D69,,,,,,,,,,,,,,,,,,,,,,,,,,,,,,,,,,,,,,,,,,,,,,
220,____VII____,Coagulant factor VII hyperactivity,D65-D69,,,,,,,,,,,,,,,,,,,,,,,,,,,,,,,,,,,,,,,,,,,,,,
221,___FXII___,Congenital coagulant factor XII deficiency,D65-D69,,,,,,,,,,,,,,,,,,,,,,,,,,,,,,,,,,,,,,,,,,,,,,
222,_____________,Congenital hypoplasminogenemia,D65-D69,,,,,,,,,,,,,,,,,,,,,,,,,,,,,,,,,,,,,,,,,,,,,,
223,_____________II___,Congenital heparin cofactor II deficiency,D65-D69,,,,,,,,,,,,,,,,,,,,,,,,,,,,,,,,,,,,,,,,,,,,,,
224,________________,Congenital amegakaryocytic thrombocytopenia,D65-D69,,,,,,,,,,,,,,,,,,,,,,,,,,,,,,,,,,,,,,,,,,,,,,
225,_VII_____,Factor VII Deficiency,D65-D69,227500,,,,,,,,,,,,,,,,,,,,,,,,,,,,,,,,,,,,,,,,,,,,,
226,_V_____,Factor V Deficiency,D65-D69,227400,,,,,,,,,,,,,,,,,,,,,,,,,,,,,,,,,,,,,,,,,,,,,
227,_XIII_____,Factor XIII Deficiency,D65-D69,134570,134580,,,,,,,,,,,,,,,,,,,,,,,,,,,,,,,,,,,,,,,,,,,,
228,_XI_____,Factor XI Deficiency,D65-D69,264900,,,,,,,,,,,,,,,,,,,,,,,,,,,,,,,,,,,,,,,,,,,,,
229,_X_____,Factor X Deficiency,D65-D69,227600,,,,,,,,,,,,,,,,,,,,,,,,,,,,,,,,,,,,,,,,,,,,,
230,____________,Idiopathic Thrombocytopenic Purpura,D65-D69,188030,,,,,,,,,,,,,,,,,,,,,,,,,,,,,,,,,,,,,,,,,,,,,
231,________,Disseminated Intravascular Coagulation,D65-D69,,,,,,,,,,,,,,,,,,,,,,,,,,,,,,,,,,,,,,,,,,,,,,
232,___________,Afibrinogenemia,D65-D69,202400,,,,,,,,,,,,,,,,,,,,,,,,,,,,,,,,,,,,,,,,,,,,,
233,TRAPS,TNF-alpha Receptor-associated Periodic Syndrome,D70-D77,142680,,,,,,,,,,,,,,,,,,,,,,,,,,,,,,,,,,,,,,,,,,,,,
234,_____________,Mycobacteria Susceptibility,D70-D77,,,,,,,,,,,,,,,,,,,,,,,,,,,,,,,,,,,,,,,,,,,,,,
235,_________,May-Hegglin Anomaly,D70-D77,,,,,,,,,,,,,,,,,,,,,,,,,,,,,,,,,,,,,,,,,,,,,,
236,______,Eosinophilia,D70-D77,,,,,,,,,,,,,,,,,,,,,,,,,,,,,,,,,,,,,,,,,,,,,,
237,______,Neutropenia,D70-D77,162700,162800,202700,258360,300299,607847,610738,612541,613107,,,,,,,,,,,,,,,,,,,,,,,,,,,,,,,,,,,,,
238,______,Polycythemia,D70-D77,133100,263400,,,,,,,,,,,,,,,,,,,,,,,,,,,,,,,,,,,,,,,,,,,,
239,_____________,Congenital Methemoglobinemia,D70-D77,141800,141900,250790,250800,,,,,,,,,,,,,,,,,,,,,,,,,,,,,,,,,,,,,,,,,,
240,_________,Congenital neutropenia,D70-D77,202700,300299,610738,612541,613107,,,,,,,,,,,,,,,,,,,,,,,,,,,,,,,,,,,,,,,,,
241,_______1_,Leukocyte Adhesion Deficiency Type 1,D70-D77,116920,,,,,,,,,,,,,,,,,,,,,,,,,,,,,,,,,,,,,,,,,,,,,
242,_______2_,Leukocyte Adhesion Deficiency Type 2,D70-D77,266265,,,,,,,,,,,,,,,,,,,,,,,,,,,,,,,,,,,,,,,,,,,,,
243,_______3_,Leukocyte Adhesion Deficiency Type 3,D70-D77,612840,,,,,,,,,,,,,,,,,,,,,,,,,,,,,,,,,,,,,,,,,,,,,
244,_________,Essential Thrombocytosis,D70-D77,,,,,,,,,,,,,,,,,,,,,,,,,,,,,,,,,,,,,,,,,,,,,,
245,______,Chronic Granulomatous Disease,D70-D77,138990,233690,233700,233710,306400,,,,,,,,,,,,,,,,,,,,,,,,,,,,,,,,,,,,,,,,,
246,BLNK___,BLNK Deficiency,D80-D89,,,,,,,,,,,,,,,,,,,,,,,,,,,,,,,,,,,,,,,,,,,,,,
247,CD40___,CD40 Deficiency,D80-D89,,,,,,,,,,,,,,,,,,,,,,,,,,,,,,,,,,,,,,,,,,,,,,
248,CD8___,CD8 Deficiency,D80-D89,608957,,,,,,,,,,,,,,,,,,,,,,,,,,,,,,,,,,,,,,,,,,,,,
249,DNA____IV___,DNA Ligase IV Deficiency,D80-D89,,,,,,,,,,,,,,,,,,,,,,,,,,,,,,,,,,,,,,,,,,,,,,
250,ICF___,ICF Syndrome,D80-D89,242860,,,,,,,,,,,,,,,,,,,,,,,,,,,,,,,,,,,,,,,,,,,,,
251,IgA___,IgA Deficiency,D80-D89,137100,269650,609529,,,,,,,,,,,,,,,,,,,,,,,,,,,,,,,,,,,,,,,,,,,
252,IgG________,IgG Subclass Deficiency,D80-D89,,,,,,,,,,,,,,,,,,,,,,,,,,,,,,,,,,,,,,,,,,,,,,
253,MHC___II___,MHC Class II Deficiency,D80-D89,209920,,,,,,,,,,,,,,,,,,,,,,,,,,,,,,,,,,,,,,,,,,,,,
254,T________,T Cell Receptor Deficiency,D80-D89,,,,,,,,,,,,,,,,,,,,,,,,,,,,,,,,,,,,,,,,,,,,,,
255,X__________,X-Linked Lymphoproliferative Syndrome,D80-D89,308240,,,,,,,,,,,,,,,,,,,,,,,,,,,,,,,,,,,,,,,,,,,,,
256,X_____________,X-Linked Agammaglobulinemia,D80-D89,300300,300310,307200,,,,,,,,,,,,,,,,,,,,,,,,,,,,,,,,,,,,,,,,,,,
257,ZAP70___________,ZAP70 Tyrosine Kinase Deficiency,D80-D89,,,,,,,,,,,,,,,,,,,,,,,,,,,,,,,,,,,,,,,,,,,,,,
258,______________,Adenosine Deaminase Deficiency,D80-D89,102700,,,,,,,,,,,,,,,,,,,,,,,,,,,,,,,,,,,,,,,,,,,,,
259,_________________,Interferon gamma Receptor Deficiency,D80-D89,,,,,,,,,,,,,,,,,,,,,,,,,,,,,,,,,,,,,,,,,,,,,,
260,________12___,Interleukin 12 Deficiency,D80-D89,,,,,,,,,,,,,,,,,,,,,,,,,,,,,,,,,,,,,,,,,,,,,,
261,________12______,Interleukin 12 Receptor Deficiency,D80-D89,,,,,,,,,,,,,,,,,,,,,,,,,,,,,,,,,,,,,,,,,,,,,,
262,________________,Wiskott-Aldrich Syndrome,D80-D89,277970,301000,600903,,,,,,,,,,,,,,,,,,,,,,,,,,,,,,,,,,,,,,,,,,,
263,_______,Omenn Syndrome,D80-D89,603554,,,,,,,,,,,,,,,,,,,,,,,,,,,,,,,,,,,,,,,,,,,,,
264,_______,Griscelli Syndrome,D80-D89,214450,607624,,,,,,,,,,,,,,,,,,,,,,,,,,,,,,,,,,,,,,,,,,,,
265,________,Sarcoidosis,D80-D89,181000,609464,,,,,,,,,,,,,,,,,,,,,,,,,,,,,,,,,,,,,,,,,,,,
266,_________,DiGeorge Syndrome,D80-D89,188400,601362,,,,,,,,,,,,,,,,,,,,,,,,,,,,,,,,,,,,,,,,,,,,
267,_______________,Nijmegen Breakage Syndrome,D80-D89,251260,,,,,,,,,,,,,,,,,,,,,,,,,,,,,,,,,,,,,,,,,,,,,
268,______,Nude Syndrome,D80-D89,,,,,,,,,,,,,,,,,,,,,,,,,,,,,,,,,,,,,,,,,,,,,,
269,________,Netherton Syndrome,D80-D89,256500,,,,,,,,,,,,,,,,,,,,,,,,,,,,,,,,,,,,,,,,,,,,,
270,___________________,Purine Nucleoside Phosphorylase Deficiency,D80-D89,164050,,,,,,,,,,,,,,,,,,,,,,,,,,,,,,,,,,,,,,,,,,,,,
271,_________,Mulibrey Nanism,D80-D89,253250,,,,,,,,,,,,,,,,,,,,,,,,,,,,,,,,,,,,,,,,,,,,,
272,______________,Mannose Binding Lectin Deficiency,D80-D89,,,,,,,,,,,,,,,,,,,,,,,,,,,,,,,,,,,,,,,,,,,,,,
273,________________,Transient Hypogammaglobulinemia of Infancy,D80-D89,,,,,,,,,,,,,,,,,,,,,,,,,,,,,,,,,,,,,,,,,,,,,,
274,_________________,Antigen Peptide Transporter Deficiency,D80-D89,,,,,,,,,,,,,,,,,,,,,,,,,,,,,,,,,,,,,,,,,,,,,,
275,_IgE___,Hyper-IgE Syndrome,D80-D89,147060,243700,,,,,,,,,,,,,,,,,,,,,,,,,,,,,,,,,,,,,,,,,,,,
276,_IgM_____X_______,X-Linked Immunodeficiency with Hyper IgM,D80-D89,308230,,,,,,,,,,,,,,,,,,,,,,,,,,,,,,,,,,,,,,,,,,,,,
277,_________,Severe Combined Immunodeficiency,D80-D89,102700,200900,209920,267500,269840,300400,600802,601457,602450,603554,608971,,,,,,,,,,,,,,,,,,,,,,,,,,,,,,,,,,,
278,_________________,Autosomal Recessive Agammaglobulinemia,D80-D89,601495,,,,,,,,,,,,,,,,,,,,,,,,,,,,,,,,,,,,,,,,,,,,,
279,__L____,Surrogate Light Chain Deficiency,D80-D89,,,,,,,,,,,,,,,,,,,,,,,,,,,,,,,,,,,,,,,,,,,,,,
280,_______H____,Immunoglobulin Heavy Chain Deficiency,D80-D89,,,,,,,,,,,,,,,,,,,,,,,,,,,,,,,,,,,,,,,,,,,,,,
281,_______________,Immunoglobulin-Associated beta Deficiency,D80-D89,,,,,,,,,,,,,,,,,,,,,,,,,,,,,,,,,,,,,,,,,,,,,,
282,X_____TBG___,X-linked TBG Deficiency,E00-E07,314200,,,,,,,,,,,,,,,,,,,,,,,,,,,,,,,,,,,,,,,,,,,,,
283,______,Graves' Disease,E00-E07,139200,275000,300351,603388,,,,,,,,,,,,,,,,,,,,,,,,,,,,,,,,,,,,,,,,,,
284,_____________,Sick Euthyroid Syndrome,E00-E07,,,,,,,,,,,,,,,,,,,,,,,,,,,,,,,,,,,,,,,,,,,,,,
285,_____________________,Familial Dysalbuminemic Hyperthyroxinemia,E00-E07,,,,,,,,,,,,,,,,,,,,,,,,,,,,,,,,,,,,,,,,,,,,,,
286,___,Hashimoto's disease,E00-E07,,,,,,,,,,,,,,,,,,,,,,,,,,,,,,,,,,,,,,,,,,,,,,
287,__________,Resistance to Thyroid Hormone,E00-E07,145650,188560,188570,274300,,,,,,,,,,,,,,,,,,,,,,,,,,,,,,,,,,,,,,,,,,
288,________________,Euthyroid Hyperthyroxinemia,E00-E07,147892,188570,,,,,,,,,,,,,,,,,,,,,,,,,,,,,,,,,,,,,,,,,,,,
289,_____,Thyroid Disease,E00-E07,608173,608174,608175,608176,,,,,,,,,,,,,,,,,,,,,,,,,,,,,,,,,,,,,,,,,,
290,_____________,Autoimmune Hypothyroidism,E00-E07,140300,,,,,,,,,,,,,,,,,,,,,,,,,,,,,,,,,,,,,,,,,,,,,
291,___________,Congenital Hypothyroidism,E00-E07,218700,275200,607200,,,,,,,,,,,,,,,,,,,,,,,,,,,,,,,,,,,,,,,,,,,
292,1____,Type 1 Diabetes Mellitus,E10-E14,222100,,,,,,,,,,,,,,,,,,,,,,,,,,,,,,,,,,,,,,,,,,,,,
293,2____,Type 2 Diabetes Mellitus,E10-E14,,,,,,,,,,,,,,,,,,,,,,,,,,,,,,,,,,,,,,,,,,,,,,
294,MIDD,MIDD,E10-E14,,,,,,,,,,,,,,,,,,,,,,,,,,,,,,,,,,,,,,,,,,,,,,
295,___________A_,Type A insulin resistance,E10-E14,,,,,,,,,,,,,,,,,,,,,,,,,,,,,,,,,,,,,,,,,,,,,,
296,_______________,Rabson-Mendenhall syndrome,E10-E14,,,,,,,,,,,,,,,,,,,,,,,,,,,,,,,,,,,,,,,,,,,,,,
297,__________1_,MODY 1,E10-E14,125850,,,,,,,,,,,,,,,,,,,,,,,,,,,,,,,,,,,,,,,,,,,,,
298,__________2_,MODY 2,E10-E14,125851,,,,,,,,,,,,,,,,,,,,,,,,,,,,,,,,,,,,,,,,,,,,,
299,__________3_,MODY 3,E10-E14,600496,,,,,,,,,,,,,,,,,,,,,,,,,,,,,,,,,,,,,,,,,,,,,
300,__________4_,MODY 4,E10-E14,606392,,,,,,,,,,,,,,,,,,,,,,,,,,,,,,,,,,,,,,,,,,,,,
301,__________5_,MODY 5,E10-E14,604284,,,,,,,,,,,,,,,,,,,,,,,,,,,,,,,,,,,,,,,,,,,,,
302,__________6_,MODY 6,E10-E14,606394,,,,,,,,,,,,,,,,,,,,,,,,,,,,,,,,,,,,,,,,,,,,,
303,____________,Diabetic Ketoacidosis,E10-E14,,,,,,,,,,,,,,,,,,,,,,,,,,,,,,,,,,,,,,,,,,,,,,
304,_______,Diabetic neuropathy,E10-E14,,,,,,,,,,,,,,,,,,,,,,,,,,,,,,,,,,,,,,,,,,,,,,
305,___,Leprechaunism,E10-E14,,,,,,,,,,,,,,,,,,,,,,,,,,,,,,,,,,,,,,,,,,,,,,
306,GRF__,GRFomas,E15-E16,,,,,,,,,,,,,,,,,,,,,,,,,,,,,,,,,,,,,,,,,,,,,,
307,______________,Zollinger-Ellison Syndrome,E15-E16,131100,,,,,,,,,,,,,,,,,,,,,,,,,,,,,,,,,,,,,,,,,,,,,
308,17____-___________,17 alpha-Hydroxylase Deficiency,E20-E35,202110,,,,,,,,,,,,,,,,,,,,,,,,,,,,,,,,,,,,,,,,,,,,,
309,21-___________,21-Hydroxylase Deficiency,E20-E35,,,,,,,,,,,,,,,,,,,,,,,,,,,,,,,,,,,,,,,,,,,,,,
310,3___-__________________2____,3 beta-Hydroxysteroid Dehydrogenase Type II Deficiency,E20-E35,201810,,,,,,,,,,,,,,,,,,,,,,,,,,,,,,,,,,,,,,,,,,,,,
311,ACTH___,ACTH Deficiency,E20-E35,201400,,,,,,,,,,,,,,,,,,,,,,,,,,,,,,,,,,,,,,,,,,,,,
312,_____,Addison's Disease,E20-E35,103230,240200,269200,300200,,,,,,,,,,,,,,,,,,,,,,,,,,,,,,,,,,,,,,,,,,
313,_________,Aromatase Deficiency,E20-E35,107910,,,,,,,,,,,,,,,,,,,,,,,,,,,,,,,,,,,,,,,,,,,,,
314,___________,Androgen Insensitivity Syndrome,E20-E35,300068,300274,308370,312300,,,,,,,,,,,,,,,,,,,,,,,,,,,,,,,,,,,,,,,,,,
315,_________,Carcinoid Syndrome,E20-E35,162240,,,,,,,,,,,,,,,,,,,,,,,,,,,,,,,,,,,,,,,,,,,,,
316,_______,Kallmann Syndrome,E20-E35,147950,244200,308700,308750,,,,,,,,,,,,,,,,,,,,,,,,,,,,,,,,,,,,,,,,,,
317,________,Gitelman Syndrome,E20-E35,263800,,,,,,,,,,,,,,,,,,,,,,,,,,,,,,,,,,,,,,,,,,,,,
318,________,Cushing's Syndrome,E20-E35,,,,,,,,,,,,,,,,,,,,,,,,,,,,,,,,,,,,,,,,,,,,,,
319,______,Cushing's Disease,E20-E35,160980,219080,219090,,,,,,,,,,,,,,,,,,,,,,,,,,,,,,,,,,,,,,,,,,,
320,____________________,Glucocorticoid-Remediable Aldosteronism,E20-E35,103900,,,,,,,,,,,,,,,,,,,,,,,,,,,,,,,,,,,,,,,,,,,,,
321,__________,Gonadotropin Deficiency,E20-E35,227200,306190,,,,,,,,,,,,,,,,,,,,,,,,,,,,,,,,,,,,,,,,,,,,
322,_________________,Gonadotropin-Independent Precocious Puberty,E20-E35,,,,,,,,,,,,,,,,,,,,,,,,,,,,,,,,,,,,,,,,,,,,,,
323,_______,Bartter Syndrome,E20-E35,241200,601678,602522,607364,,,,,,,,,,,,,,,,,,,,,,,,,,,,,,,,,,,,,,,,,,
324,_________,Frohlich Syndrome,E20-E35,,,,,,,,,,,,,,,,,,,,,,,,,,,,,,,,,,,,,,,,,,,,,,
325,_____,Jansen's Disease,E20-E35,,,,,,,,,,,,,,,,,,,,,,,,,,,,,,,,,,,,,,,,,,,,,,
326,______,Laron Syndrome,E20-E35,245590,262500,,,,,,,,,,,,,,,,,,,,,,,,,,,,,,,,,,,,,,,,,,,,
327,_________,Lymphocytic Hypophysitis,E20-E35,,,,,,,,,,,,,,,,,,,,,,,,,,,,,,,,,,,,,,,,,,,,,,
328,___________,Ectopic hormone producing tumor,E20-E35,,,,,,,,,,,,,,,,,,,,,,,,,,,,,,,,,,,,,,,,,,,,,,
329,___________,Familial Male-Limited Precocious Puberty,E20-E35,176410,,,,,,,,,,,,,,,,,,,,,,,,,,,,,,,,,,,,,,,,,,,,,
330,_____________,Pseudopseudohypoparathyroidism,E20-E35,103580,,,,,,,,,,,,,,,,,,,,,,,,,,,,,,,,,,,,,,,,,,,,,
331,___________,Pseudohypoparathyroidism,E20-E35,103580,203330,603233,,,,,,,,,,,,,,,,,,,,,,,,,,,,,,,,,,,,,,,,,,,
332,___________,Primary Aldosteronism,E20-E35,,,,,,,,,,,,,,,,,,,,,,,,,,,,,,,,,,,,,,,,,,,,,,
333,______________,Syndrome of Inappropriate Antidiuretic Hormone Secretion,E20-E35,,,,,,,,,,,,,,,,,,,,,,,,,,,,,,,,,,,,,,,,,,,,,,
334,__________________,Hypergonadotropic Hypogonadal Ovarian Failure,E20-E35,,,,,,,,,,,,,,,,,,,,,,,,,,,,,,,,,,,,,,,,,,,,,,
335,______________-_____-__________,Autoimmune Polyendocrinopathy-Candidiasis-Ectodermal Dystrophy,E20-E35,240300,,,,,,,,,,,,,,,,,,,,,,,,,,,,,,,,,,,,,,,,,,,,,
336,____________________,Congenital Disorders Associated with Gonadotropin Deficiency,E20-E35,,,,,,,,,,,,,,,,,,,,,,,,,,,,,,,,,,,,,,,,,,,,,,
337,_________________,Gonadotropin-releasing Hormone Resistance,E20-E35,,,,,,,,,,,,,,,,,,,,,,,,,,,,,,,,,,,,,,,,,,,,,,
338,___________,Adult GH Deficiency,E20-E35,,,,,,,,,,,,,,,,,,,,,,,,,,,,,,,,,,,,,,,,,,,,,,
339,_________,Growth Hormone Deficiency,E20-E35,139250,173100,182230,185120,262400,307200,,,,,,,,,,,,,,,,,,,,,,,,,,,,,,,,,,,,,,,,
340,_____,Acromegaly,E20-E35,102200,,,,,,,,,,,,,,,,,,,,,,,,,,,,,,,,,,,,,,,,,,,,,
341,______________,Congenital Lipoid Adrenal Hyperplasia,E20-E35,201710,,,,,,,,,,,,,,,,,,,,,,,,,,,,,,,,,,,,,,,,,,,,,
342,__________,Congenital Adrenal Hyperplasia,E20-E35,201750,201910,202010,202110,,,,,,,,,,,,,,,,,,,,,,,,,,,,,,,,,,,,,,,,,,
343,___,Progeria,E20-E35,176670,614008,,,,,,,,,,,,,,,,,,,,,,,,,,,,,,,,,,,,,,,,,,,,
344,__________1_,Polyglandular Autoimmune Syndrome Type I,E20-E35,240300,,,,,,,,,,,,,,,,,,,,,,,,,,,,,,,,,,,,,,,,,,,,,
345,__________II_,Polyglandular Autoimmune Syndrome Type II,E20-E35,269200,,,,,,,,,,,,,,,,,,,,,,,,,,,,,,,,,,,,,,,,,,,,,
346,________,Polycystic Ovarian Syndrome,E20-E35,,,,,,,,,,,,,,,,,,,,,,,,,,,,,,,,,,,,,,,,,,,,,,
347,____________,Idiopathic hypoparathyroidism,E20-E35,,,,,,,,,,,,,,,,,,,,,,,,,,,,,,,,,,,,,,,,,,,,,,
348,___,Diabetes Insipidus,E20-E35,125700,125800,221995,304800,304900,,,,,,,,,,,,,,,,,,,,,,,,,,,,,,,,,,,,,,,,,
349,_________,Panhypopituitarism,E20-E35,262600,,,,,,,,,,,,,,,,,,,,,,,,,,,,,,,,,,,,,,,,,,,,,
350,_______,Adrenogenital Syndrome,E20-E35,,,,,,,,,,,,,,,,,,,,,,,,,,,,,,,,,,,,,,,,,,,,,,
351,____,Ovarian Failure,E20-E35,233300,300510,300511,311360,608996,,,,,,,,,,,,,,,,,,,,,,,,,,,,,,,,,,,,,,,,,
352,_____________,Isolated Follicle-stimulating Hormone Deficiency,E20-E35,229070,,,,,,,,,,,,,,,,,,,,,,,,,,,,,,,,,,,,,,,,,,,,,
353,Rogers___,Rogers' Syndrome,E50-E64,249270,,,,,,,,,,,,,,,,,,,,,,,,,,,,,,,,,,,,,,,,,,,,,
354,X______________,X-linked Recessive Hypophosphatemic Rickets,E50-E64,,,,,,,,,,,,,,,,,,,,,,,,,,,,,,,,,,,,,,,,,,,,,,
355,________,Wernicke's Encephalopathy,E50-E64,,,,,,,,,,,,,,,,,,,,,,,,,,,,,,,,,,,,,,,,,,,,,,
356,____B12___,Vitamin B12 Deficiency,E50-E64,,,,,,,,,,,,,,,,,,,,,,,,,,,,,,,,,,,,,,,,,,,,,,
357,____B1___,Thiamine Deficiency,E50-E64,,,,,,,,,,,,,,,,,,,,,,,,,,,,,,,,,,,,,,,,,,,,,,
358,____B6___,Vitamin B6 Deficiency,E50-E64,,,,,,,,,,,,,,,,,,,,,,,,,,,,,,,,,,,,,,,,,,,,,,
359,____D______II_,Vitamin D-Dependent Rickets Type II,E50-E64,277420,277440,,,,,,,,,,,,,,,,,,,,,,,,,,,,,,,,,,,,,,,,,,,,
360,____D______I_,Vitamin D-Dependent Rickets Type I,E50-E64,264700,,,,,,,,,,,,,,,,,,,,,,,,,,,,,,,,,,,,,,,,,,,,,
361,____D___,Vitamin D Deficiency,E50-E64,,,,,,,,,,,,,,,,,,,,,,,,,,,,,,,,,,,,,,,,,,,,,,
362,____E___,Vitamin E deficiency,E50-E64,,,,,,,,,,,,,,,,,,,,,,,,,,,,,,,,,,,,,,,,,,,,,,
363,____K___,Vitamin K Deficiency,E50-E64,,,,,,,,,,,,,,,,,,,,,,,,,,,,,,,,,,,,,,,,,,,,,,
364,____,Pellagra,E50-E64,,,,,,,,,,,,,,,,,,,,,,,,,,,,,,,,,,,,,,,,,,,,,,
365,__,Beriberi,E50-E64,,,,,,,,,,,,,,,,,,,,,,,,,,,,,,,,,,,,,,,,,,,,,,
366,_____,Folate Deficiency,E50-E64,,,,,,,,,,,,,,,,,,,,,,,,,,,,,,,,,,,,,,,,,,,,,,
367,___,Trichothiodystrophy,E50-E64,601675,,,,,,,,,,,,,,,,,,,,,,,,,,,,,,,,,,,,,,,,,,,,,
368,__________1______,Prohormone convertase 1 gene mutation,E65-E68,,,,,,,,,,,,,,,,,,,,,,,,,,,,,,,,,,,,,,,,,,,,,,
369,_______4__________,Melanocortin-4 receptor gene mutation,E65-E68,,,,,,,,,,,,,,,,,,,,,,,,,,,,,,,,,,,,,,,,,,,,,,
370,__________,Leptin gene mutation,E65-E68,,,,,,,,,,,,,,,,,,,,,,,,,,,,,,,,,,,,,,,,,,,,,,
371,_____________,Leptin receptor gene mutation,E65-E68,,,,,,,,,,,,,,,,,,,,,,,,,,,,,,,,,,,,,,,,,,,,,,
372,______,Obesity in endocrine disease,E65-E68,,,,,,,,,,,,,,,,,,,,,,,,,,,,,,,,,,,,,,,,,,,,,,
373,__,Obesity,E65-E68,300306,601665,601693,602025,603188,608410,,,,,,,,,,,,,,,,,,,,,,,,,,,,,,,,,,,,,,,,
374,3-___________,3-Oxothiolase Deficiency,E70-E90,203750,,,,,,,,,,,,,,,,,,,,,,,,,,,,,,,,,,,,,,,,,,,,,
375,3-_____-3-__________,3-Hydroxy-3-methylglutaric Aciduria,E70-E90,246450,,,,,,,,,,,,,,,,,,,,,,,,,,,,,,,,,,,,,,,,,,,,,
376,3-______________,3-Methylcrotonyl Glycinuria,E70-E90,210200,210210,,,,,,,,,,,,,,,,,,,,,,,,,,,,,,,,,,,,,,,,,,,,
377,3-____________I_,3-Methylglutaconic Aciduria Type I,E70-E90,250950,,,,,,,,,,,,,,,,,,,,,,,,,,,,,,,,,,,,,,,,,,,,,
378,4-_________,4-Hydroxybutyric Aciduria,E70-E90,271980,,,,,,,,,,,,,,,,,,,,,,,,,,,,,,,,,,,,,,,,,,,,,
379,beta-_______-_____________,Beta-mercaptolactate-cysteine disulfiduria,E70-E90,,,,,,,,,,,,,,,,,,,,,,,,,,,,,,,,,,,,,,,,,,,,,,
380,Gaucher_,Gaucher Disease,E70-E90,230800,230900,231000,608013,,,,,,,,,,,,,,,,,,,,,,,,,,,,,,,,,,,,,,,,,,
381,GM2-_________________,GM2-ganglioside activator deficiency,E70-E90,,,,,,,,,,,,,,,,,,,,,,,,,,,,,,,,,,,,,,,,,,,,,,
382,GTP_________I___,GTP Cyclohydrolase I Deficiency,E70-E90,233910,,,,,,,,,,,,,,,,,,,,,,,,,,,,,,,,,,,,,,,,,,,,,
383,N-__________________,N-Acetylglutamate Synthase Deficiency,E70-E90,237310,,,,,,,,,,,,,,,,,,,,,,,,,,,,,,,,,,,,,,,,,,,,,
384,PRPP_________,PRPP synthetase super-activity,E70-E90,,,,,,,,,,,,,,,,,,,,,,,,,,,,,,,,,,,,,,,,,,,,,,
385,PRPP_______,PRPP synthetase deficiency,E70-E90,,,,,,,,,,,,,,,,,,,,,,,,,,,,,,,,,,,,,,,,,,,,,,
386,X____________,X-Linked Hypophosphatemic Rickets,E70-E90,307800,,,,,,,,,,,,,,,,,,,,,,,,,,,,,,,,,,,,,,,,,,,,,
387,______________,Aspartylglucosaminuria,E70-E90,208400,,,,,,,,,,,,,,,,,,,,,,,,,,,,,,,,,,,,,,,,,,,,,
388,_______________,Adenylosuccinate Lyase Deficiency,E70-E90,103050,,,,,,,,,,,,,,,,,,,,,,,,,,,,,,,,,,,,,,,,,,,,,
389,_______________________,Adenine Phosphoribosyltransferase Deficiency,E70-E90,102600,,,,,,,,,,,,,,,,,,,,,,,,,,,,,,,,,,,,,,,,,,,,,
390,____A-I___,ApoA-I Deficiency,E70-E90,,,,,,,,,,,,,,,,,,,,,,,,,,,,,,,,,,,,,,,,,,,,,,
391,________,Alkaptonuria,E70-E90,203500,,,,,,,,,,,,,,,,,,,,,,,,,,,,,,,,,,,,,,,,,,,,,
392,_________,Arginase Deficiency,E70-E90,207800,,,,,,,,,,,,,,,,,,,,,,,,,,,,,,,,,,,,,,,,,,,,,
393,__________,Argininosuccinic Acidemia,E70-E90,207900,,,,,,,,,,,,,,,,,,,,,,,,,,,,,,,,,,,,,,,,,,,,,
394,____-_________,alpha-Ketoadipic Acidemia,E70-E90,,,,,,,,,,,,,,,,,,,,,,,,,,,,,,,,,,,,,,,,,,,,,,
395,____-________,alpha-Mannosidosis,E70-E90,248500,,,,,,,,,,,,,,,,,,,,,,,,,,,,,,,,,,,,,,,,,,,,,
396,____1___________,alpha1 Antitrypsin Deficiency,E70-E90,107400,,,,,,,,,,,,,,,,,,,,,,,,,,,,,,,,,,,,,,,,,,,,,
397,_________,Andersen's Syndrome,E70-E90,170390,,,,,,,,,,,,,,,,,,,,,,,,,,,,,,,,,,,,,,,,,,,,,
398,_________,Isovaleric Acidemia,E70-E90,243500,,,,,,,,,,,,,,,,,,,,,,,,,,,,,,,,,,,,,,,,,,,,,
399,_________,Iminoglycinuria,E70-E90,138500,242600,,,,,,,,,,,,,,,,,,,,,,,,,,,,,,,,,,,,,,,,,,,,
400,______,Wilson Disease,E70-E90,277900,,,,,,,,,,,,,,,,,,,,,,,,,,,,,,,,,,,,,,,,,,,,,
401,______,Wolman Disease,E70-E90,278000,,,,,,,,,,,,,,,,,,,,,,,,,,,,,,,,,,,,,,,,,,,,,
402,_______________________,Galactosemia with Uridyl Transferase Deficiency,E70-E90,230400,,,,,,,,,,,,,,,,,,,,,,,,,,,,,,,,,,,,,,,,,,,,,
403,______________-4-_________,Uridine Diphosphate Galactose 4-Epimerase Deficiency,E70-E90,230350,,,,,,,,,,,,,,,,,,,,,,,,,,,,,,,,,,,,,,,,,,,,,
404,______________,Ureidopropionase Deficiency,E70-E90,210100,,,,,,,,,,,,,,,,,,,,,,,,,,,,,,,,,,,,,,,,,,,,,
405,________,Urocanic Aciduria,E70-E90,276880,,,,,,,,,,,,,,,,,,,,,,,,,,,,,,,,,,,,,,,,,,,,,
406,___________________,Ornithine Transcarbamylase Deficiency,E70-E90,311250,,,,,,,,,,,,,,,,,,,,,,,,,,,,,,,,,,,,,,,,,,,,,
407,______,Orotic Aciduria,E70-E90,258900,258920,,,,,,,,,,,,,,,,,,,,,,,,,,,,,,,,,,,,,,,,,,,,
408,_______________________,CPT II Deficiency,E70-E90,255110,600649,608836,,,,,,,,,,,,,,,,,,,,,,,,,,,,,,,,,,,,,,,,,,,
409,________,Carnitine Deficiency,E70-E90,201450,212140,212160,,,,,,,,,,,,,,,,,,,,,,,,,,,,,,,,,,,,,,,,,,,
410,____________,Carnosinase deficiency,E70-E90,,,,,,,,,,,,,,,,,,,,,,,,,,,,,,,,,,,,,,,,,,,,,,
411,________________,Carbamylphosphate Synthase Deficiency,E70-E90,237300,,,,,,,,,,,,,,,,,,,,,,,,,,,,,,,,,,,,,,,,,,,,,
412,___________________,Carbinolamine Dehydratase Deficiency,E70-E90,264070,,,,,,,,,,,,,,,,,,,,,,,,,,,,,,,,,,,,,,,,,,,,,
413,___________,Galactokinase Deficiency,E70-E90,230200,,,,,,,,,,,,,,,,,,,,,,,,,,,,,,,,,,,,,,,,,,,,,
414,_____,Krabbe's Disease,E70-E90,245200,,,,,,,,,,,,,,,,,,,,,,,,,,,,,,,,,,,,,,,,,,,,,
415,_____________,Crigler-Najjar Syndrome,E70-E90,218800,606785,,,,,,,,,,,,,,,,,,,,,,,,,,,,,,,,,,,,,,,,,,,,
416,_____-___________,Glucose-Galactose Malabsorption,E70-E90,606824,,,,,,,,,,,,,,,,,,,,,,,,,,,,,,,,,,,,,,,,,,,,,
417,____________,Glucose-Transport Defect,E70-E90,606777,,,,,,,,,,,,,,,,,,,,,,,,,,,,,,,,,,,,,,,,,,,,,
418,______________,Glutathione synthetase deficiency,E70-E90,,,,,,,,,,,,,,,,,,,,,,,,,,,,,,,,,,,,,,,,,,,,,,
419,_______II_,Glutaric Acidemia Type II,E70-E90,231680,,,,,,,,,,,,,,,,,,,,,,,,,,,,,,,,,,,,,,,,,,,,,
420,_______I_,Glutaric Acidemia Type I,E70-E90,231670,,,,,,,,,,,,,,,,,,,,,,,,,,,,,,,,,,,,,,,,,,,,,
421,______________,Cholesteryl Ester Storage Disease,E70-E90,278000,,,,,,,,,,,,,,,,,,,,,,,,,,,,,,,,,,,,,,,,,,,,,
422,__________________,CETP Deficiency,E70-E90,607322,,,,,,,,,,,,,,,,,,,,,,,,,,,,,,,,,,,,,,,,,,,,,
423,_______,Sarcosinemia,E70-E90,268900,,,,,,,,,,,,,,,,,,,,,,,,,,,,,,,,,,,,,,,,,,,,,
424,______,Sandhoff's Disease,E70-E90,268800,,,,,,,,,,,,,,,,,,,,,,,,,,,,,,,,,,,,,,,,,,,,,
425,_______,Sialidosis,E70-E90,256550,,,,,,,,,,,,,,,,,,,,,,,,,,,,,,,,,,,,,,,,,,,,,
426,_________,Cystathioninuria,E70-E90,219500,,,,,,,,,,,,,,,,,,,,,,,,,,,,,,,,,,,,,,,,,,,,,
427,_____,Cystinosis,E70-E90,219750,219800,219900,,,,,,,,,,,,,,,,,,,,,,,,,,,,,,,,,,,,,,,,,,,
428,_________,Sitosterolemia,E70-E90,210250,,,,,,,,,,,,,,,,,,,,,,,,,,,,,,,,,,,,,,,,,,,,,
429,_______II_,Citrullinemia Type II,E70-E90,603471,605814,,,,,,,,,,,,,,,,,,,,,,,,,,,,,,,,,,,,,,,,,,,,
430,_______I_,Citrullinemia Type I,E70-E90,215700,,,,,,,,,,,,,,,,,,,,,,,,,,,,,,,,,,,,,,,,,,,,,
431,_____________,Dicarboxylic Aminoaciduria,E70-E90,222730,,,,,,,,,,,,,,,,,,,,,,,,,,,,,,,,,,,,,,,,,,,,,
432,______________,Dihydropyrimidinase Deficiency,E70-E90,222748,,,,,,,,,,,,,,,,,,,,,,,,,,,,,,,,,,,,,,,,,,,,,
433,____________________,Dihydropyrimidine Dehydrogenase Deficiency,E70-E90,274270,,,,,,,,,,,,,,,,,,,,,,,,,,,,,,,,,,,,,,,,,,,,,
434,________,Gilbert's Syndrome,E70-E90,143500,,,,,,,,,,,,,,,,,,,,,,,,,,,,,,,,,,,,,,,,,,,,,
435,__________,Sulfocysteinuria,E70-E90,272300,,,,,,,,,,,,,,,,,,,,,,,,,,,,,,,,,,,,,,,,,,,,,
436,______,Tangier Disease,E70-E90,205400,,,,,,,,,,,,,,,,,,,,,,,,,,,,,,,,,,,,,,,,,,,,,
437,____________,Chediak-Higashi Syndrome,E70-E90,214500,,,,,,,,,,,,,,,,,,,,,,,,,,,,,,,,,,,,,,,,,,,,,
438,______________,Thymidine Phosphorylase Deficiency,E70-E90,,,,,,,,,,,,,,,,,,,,,,,,,,,,,,,,,,,,,,,,,,,,,,
439,______III_,Tyrosinemia Type III,E70-E90,276710,,,,,,,,,,,,,,,,,,,,,,,,,,,,,,,,,,,,,,,,,,,,,
440,______II_,Tyrosinemia Type II,E70-E90,276600,,,,,,,,,,,,,,,,,,,,,,,,,,,,,,,,,,,,,,,,,,,,,
441,______I_,Tyrosinemia Type I,E70-E90,276700,,,,,,,,,,,,,,,,,,,,,,,,,,,,,,,,,,,,,,,,,,,,,
442,_______,Tay-Sachs Disease,E70-E90,272750,272800,,,,,,,,,,,,,,,,,,,,,,,,,,,,,,,,,,,,,,,,,,,,
443,_____________,Dubin-Johnson Syndrome,E70-E90,237500,,,,,,,,,,,,,,,,,,,,,,,,,,,,,,,,,,,,,,,,,,,,,
444,___-________________________,ALA-Dehydratase-Deficient Porphyria,E70-E90,125270,,,,,,,,,,,,,,,,,,,,,,,,,,,,,,,,,,,,,,,,,,,,,
445,____________,Tryptophan Malabsorption,E70-E90,,,,,,,,,,,,,,,,,,,,,,,,,,,,,,,,,,,,,,,,,,,,,,
446,_________,Tryptophanuria,E70-E90,276100,,,,,,,,,,,,,,,,,,,,,,,,,,,,,,,,,,,,,,,,,,,,,
447,_________,Niemann-Pick Disease,E70-E90,257200,607616,,,,,,,,,,,,,,,,,,,,,,,,,,,,,,,,,,,,,,,,,,,,
448,_______,Hartnup Disease,E70-E90,234500,,,,,,,,,,,,,,,,,,,,,,,,,,,,,,,,,,,,,,,,,,,,,
449,________________,Hermansky-Pudlak Syndrome,E70-E90,203300,608233,,,,,,,,,,,,,,,,,,,,,,,,,,,,,,,,,,,,,,,,,,,,
450,_______,Histidinemia,E70-E90,235800,,,,,,,,,,,,,,,,,,,,,,,,,,,,,,,,,,,,,,,,,,,,,
451,_______,Histidinuria,E70-E90,235830,,,,,,,,,,,,,,,,,,,,,,,,,,,,,,,,,,,,,,,,,,,,,
452,____________,Hydroxykynureninuria,E70-E90,236800,,,,,,,,,,,,,,,,,,,,,,,,,,,,,,,,,,,,,,,,,,,,,
453,__________________________,HPRT Deficiency,E70-E90,300322,300323,,,,,,,,,,,,,,,,,,,,,,,,,,,,,,,,,,,,,,,,,,,,
454,_____5'-___________,Pyrimidine 5'-Nucleotidase Deficiency,E70-E90,266120,,,,,,,,,,,,,,,,,,,,,,,,,,,,,,,,,,,,,,,,,,,,,
455,____________,Pyruvate Kinase Deficiency,E70-E90,,,,,,,,,,,,,,,,,,,,,,,,,,,,,,,,,,,,,,,,,,,,,,
456,______,Farber Disease,E70-E90,228000,,,,,,,,,,,,,,,,,,,,,,,,,,,,,,,,,,,,,,,,,,,,,
457,_____,Fabry Disease,E70-E90,301500,,,,,,,,,,,,,,,,,,,,,,,,,,,,,,,,,,,,,,,,,,,,,
458,_____________,Fanconi-Bickel Syndrome,E70-E90,227810,,,,,,,,,,,,,,,,,,,,,,,,,,,,,,,,,,,,,,,,,,,,,
459,________,Fanconi Syndrome,E70-E90,134600,300009,,,,,,,,,,,,,,,,,,,,,,,,,,,,,,,,,,,,,,,,,,,,
460,_________III_,Phenylketonuria Type III,E70-E90,261640,,,,,,,,,,,,,,,,,,,,,,,,,,,,,,,,,,,,,,,,,,,,,
461,_________II_,Phenylketonuria Type II,E70-E90,261630,,,,,,,,,,,,,,,,,,,,,,,,,,,,,,,,,,,,,,,,,,,,,
462,_________I_,Phenylketonuria Type I,E70-E90,261600,,,,,,,,,,,,,,,,,,,,,,,,,,,,,,,,,,,,,,,,,,,,,
463,_______,Fucosidosis,E70-E90,230000,,,,,,,,,,,,,,,,,,,,,,,,,,,,,,,,,,,,,,,,,,,,,
464,"______-1,6-___________","Fructose 1,6-diphosphatase Deficiency",E70-E90,229700,,,,,,,,,,,,,,,,,,,,,,,,,,,,,,,,,,,,,,,,,,,,,
465,"______-1,6-__________A___","Fructose 1,6-bisphosphate Aldolase A Deficiency",E70-E90,103850,,,,,,,,,,,,,,,,,,,,,,,,,,,,,,,,,,,,,,,,,,,,,
466,________,Propionic Acidemia,E70-E90,606054,,,,,,,,,,,,,,,,,,,,,,,,,,,,,,,,,,,,,,,,,,,,,
467,_________,Prolidase Deficiency,E70-E90,170100,,,,,,,,,,,,,,,,,,,,,,,,,,,,,,,,,,,,,,,,,,,,,
468,_________,Hemochromatosis,E70-E90,231100,235200,602254,602390,604250,606069,,,,,,,,,,,,,,,,,,,,,,,,,,,,,,,,,,,,,,,,
469,___-________,beta-Mannosidosis,E70-E90,248510,,,,,,,,,,,,,,,,,,,,,,,,,,,,,,,,,,,,,,,,,,,,,
470,___________,beta-Enolase Deficiency,E70-E90,131370,,,,,,,,,,,,,,,,,,,,,,,,,,,,,,,,,,,,,,,,,,,,,
471,________,Hawkinsinuria,E70-E90,140350,,,,,,,,,,,,,,,,,,,,,,,,,,,,,,,,,,,,,,,,,,,,,
472,________________,Phosphoglycerate Kinase Deficiency,E70-E90,,,,,,,,,,,,,,,,,,,,,,,,,,,,,,,,,,,,,,,,,,,,,,
473,____________________,Phosphoglycerate Dehydrogenase Deficiency,E70-E90,601815,,,,,,,,,,,,,,,,,,,,,,,,,,,,,,,,,,,,,,,,,,,,,
474,________________,Phosphoglycerate Mutase Deficiency,E70-E90,261670,,,,,,,,,,,,,,,,,,,,,,,,,,,,,,,,,,,,,,,,,,,,,
475,__________,Homocarnosinosis,E70-E90,,,,,,,,,,,,,,,,,,,,,,,,,,,,,,,,,,,,,,,,,,,,,,
476,________,Homocystinuria,E70-E90,236200,236250,,,,,,,,,,,,,,,,,,,,,,,,,,,,,,,,,,,,,,,,,,,,
477,"________, _________",Homocystinuria and Methylmalonic Acidemia,E70-E90,277380,277400,277410,,,,,,,,,,,,,,,,,,,,,,,,,,,,,,,,,,,,,,,,,,,
478,______________,Formiminoglutamic Aciduria,E70-E90,229100,,,,,,,,,,,,,,,,,,,,,,,,,,,,,,,,,,,,,,,,,,,,,
479,________________,Myoadenylate Deaminase Deficiency,E70-E90,102770,,,,,,,,,,,,,,,,,,,,,,,,,,,,,,,,,,,,,,,,,,,,,
480,________III_,Mucolipidoses-III,E70-E90,252600,252605,,,,,,,,,,,,,,,,,,,,,,,,,,,,,,,,,,,,,,,,,,,,
481,________II_,Mucolipidoses-II,E70-E90,252500,,,,,,,,,,,,,,,,,,,,,,,,,,,,,,,,,,,,,,,,,,,,,
482,________ IH/S_,Mucopolysaccharidosis IH/S,E70-E90,607015,,,,,,,,,,,,,,,,,,,,,,,,,,,,,,,,,,,,,,,,,,,,,
483,________ IH_,Mucopolysaccharidosis IH,E70-E90,607014,,,,,,,,,,,,,,,,,,,,,,,,,,,,,,,,,,,,,,,,,,,,,
484,________ IIIA_,Mucopolysaccharidosis IIIA,E70-E90,252900,,,,,,,,,,,,,,,,,,,,,,,,,,,,,,,,,,,,,,,,,,,,,
485,________ IIIB_,Mucopolysaccharidosis IIIB,E70-E90,252920,,,,,,,,,,,,,,,,,,,,,,,,,,,,,,,,,,,,,,,,,,,,,
486,________ IIIC_,Mucopolysaccharidosis IIIC,E70-E90,252930,,,,,,,,,,,,,,,,,,,,,,,,,,,,,,,,,,,,,,,,,,,,,
487,________ IIID_,Mucopolysaccharidosis IIID,E70-E90,252940,,,,,,,,,,,,,,,,,,,,,,,,,,,,,,,,,,,,,,,,,,,,,
488,________ II_,Mucopolysaccharidosis II,E70-E90,309900,,,,,,,,,,,,,,,,,,,,,,,,,,,,,,,,,,,,,,,,,,,,,
489,________ IS_,Mucopolysaccharidosis IS,E70-E90,607016,,,,,,,,,,,,,,,,,,,,,,,,,,,,,,,,,,,,,,,,,,,,,
490,________ IVA_,Mucopolysaccharidosis IVA,E70-E90,253000,,,,,,,,,,,,,,,,,,,,,,,,,,,,,,,,,,,,,,,,,,,,,
491,________ IVB_,Mucopolysaccharidosis IVB,E70-E90,253010,,,,,,,,,,,,,,,,,,,,,,,,,,,,,,,,,,,,,,,,,,,,,
492,________ VII_,Mucopolysaccharidosis VII,E70-E90,253220,,,,,,,,,,,,,,,,,,,,,,,,,,,,,,,,,,,,,,,,,,,,,
493,________ VI_,Mucopolysaccharidosis VI,E70-E90,253200,,,,,,,,,,,,,,,,,,,,,,,,,,,,,,,,,,,,,,,,,,,,,
494,_________,Maple Syrup Urine Disease,E70-E90,248600,,,,,,,,,,,,,,,,,,,,,,,,,,,,,,,,,,,,,,,,,,,,,
495,____________,Metabolic Syndrome,E70-E90,603358,605552,,,,,,,,,,,,,,,,,,,,,,,,,,,,,,,,,,,,,,,,,,,,
496,__________,Methionine Malabsorption,E70-E90,250900,,,,,,,,,,,,,,,,,,,,,,,,,,,,,,,,,,,,,,,,,,,,,
497,_________,Methylmalonic Acidemia,E70-E90,251000,251100,251110,606169,,,,,,,,,,,,,,,,,,,,,,,,,,,,,,,,,,,,,,,,,,
498,___________,Molybdenum cofactor deficiency,E70-E90,,,,,,,,,,,,,,,,,,,,,,,,,,,,,,,,,,,,,,,,,,,,,,
499,_____,Lysinuria,E70-E90,,,,,,,,,,,,,,,,,,,,,,,,,,,,,,,,,,,,,,,,,,,,,,
500,_____________,Lipoamide dehydrogenasee deficieny,E70-E90,,,,,,,,,,,,,,,,,,,,,,,,,,,,,,,,,,,,,,,,,,,,,,
501,___________,Lipoprotein Lipase Deficiency,E70-E90,238600,,,,,,,,,,,,,,,,,,,,,,,,,,,,,,,,,,,,,,,,,,,,,
502,____-______________________,LCAT Deficiency,E70-E90,136120,245900,,,,,,,,,,,,,,,,,,,,,,,,,,,,,,,,,,,,,,,,,,,,
503,_______,Rotor's syndrome,E70-E90,,,,,,,,,,,,,,,,,,,,,,,,,,,,,,,,,,,,,,,,,,,,,,
504,___________,Metachromatic Leukodystrophy,E70-E90,250100,,,,,,,,,,,,,,,,,,,,,,,,,,,,,,,,,,,,,,,,,,,,,
505,__________,Hereditary Xanthinuria,E70-E90,278300,603592,,,,,,,,,,,,,,,,,,,,,,,,,,,,,,,,,,,,,,,,,,,,
506,_____________,Hereditary Coproporphyria,E70-E90,121300,,,,,,,,,,,,,,,,,,,,,,,,,,,,,,,,,,,,,,,,,,,,,
507,_______D______,Hereditary Vitamin D-resistant Rickets,E70-E90,,,,,,,,,,,,,,,,,,,,,,,,,,,,,,,,,,,,,,,,,,,,,,
508,______________,Hereditary Aceruloplasminemia,E70-E90,604290,,,,,,,,,,,,,,,,,,,,,,,,,,,,,,,,,,,,,,,,,,,,,
509,_______C-II___,Familial Apolipoprotein C-II Deficiency,E70-E90,207750,,,,,,,,,,,,,,,,,,,,,,,,,,,,,,,,,,,,,,,,,,,,,
510,______________,Familial Dysbetalipoproteinemia,E70-E90,107741,,,,,,,,,,,,,,,,,,,,,,,,,,,,,,,,,,,,,,,,,,,,,
511,_________B-100__,Familial Defective ApoB-100,E70-E90,144010,,,,,,,,,,,,,,,,,,,,,,,,,,,,,,,,,,,,,,,,,,,,,
512,______________,Familial Hyperalphalipoproteinemia,E70-E90,,,,,,,,,,,,,,,,,,,,,,,,,,,,,,,,,,,,,,,,,,,,,,
513,_____________,Familial Hypercholesterolemia,E70-E90,,,,,,,,,,,,,,,,,,,,,,,,,,,,,,,,,,,,,,,,,,,,,,
514,_____________,Familial Hypertriglyceridemia,E70-E90,145750,,,,,,,,,,,,,,,,,,,,,,,,,,,,,,,,,,,,,,,,,,,,,
515,___________________,Familial Hypocalciuric Hypercalcemia,E70-E90,145980,145981,600740,,,,,,,,,,,,,,,,,,,,,,,,,,,,,,,,,,,,,,,,,,,
516,_____________,Familial Hypobetalipoproteinemia,E70-E90,107730,,,,,,,,,,,,,,,,,,,,,,,,,,,,,,,,,,,,,,,,,,,,,
517,__________,Familial Combined Hyperlipidemia,E70-E90,144250,238500,602491,604499,,,,,,,,,,,,,,,,,,,,,,,,,,,,,,,,,,,,,,,,,,
518,___________________,Activation-Induced Cytidine Deaminase Deficiency,E70-E90,,,,,,,,,,,,,,,,,,,,,,,,,,,,,,,,,,,,,,,,,,,,,,
519,_________,Hepatic Lipase Deficiency,E70-E90,,,,,,,,,,,,,,,,,,,,,,,,,,,,,,,,,,,,,,,,,,,,,,
520,____________,Hepatoerythropoietic porphyria,E70-E90,,,,,,,,,,,,,,,,,,,,,,,,,,,,,,,,,,,,,,,,,,,,,,
521,_____0_,Glycogen Storage Disease 0,E70-E90,240600,,,,,,,,,,,,,,,,,,,,,,,,,,,,,,,,,,,,,,,,,,,,,
522,_____III_,Glycogen Storage Disease III,E70-E90,232400,,,,,,,,,,,,,,,,,,,,,,,,,,,,,,,,,,,,,,,,,,,,,
523,_____IV_,Glycogen Storage Disease IV,E70-E90,232500,,,,,,,,,,,,,,,,,,,,,,,,,,,,,,,,,,,,,,,,,,,,,
524,_____IX_,Glycogen Storage Disease IX,E70-E90,306000,604549,,,,,,,,,,,,,,,,,,,,,,,,,,,,,,,,,,,,,,,,,,,,
525,_____I_,Glycogen Storage Disease I,E70-E90,232200,232220,,,,,,,,,,,,,,,,,,,,,,,,,,,,,,,,,,,,,,,,,,,,
526,_____VI_,Glycogen Storage Disease VI,E70-E90,232700,,,,,,,,,,,,,,,,,,,,,,,,,,,,,,,,,,,,,,,,,,,,,
527,_____XI_,Glycogen Storage Disease XI,E70-E90,227810,,,,,,,,,,,,,,,,,,,,,,,,,,,,,,,,,,,,,,,,,,,,,
528,___________,Pseudohypoaldosteronism,E70-E90,145260,177735,264350,,,,,,,,,,,,,,,,,,,,,,,,,,,,,,,,,,,,,,,,,,,
529,____________,Acute Intermittent Porphyria,E70-E90,176000,,,,,,,,,,,,,,,,,,,,,,,,,,,,,,,,,,,,,,,,,,,,,
530,_____II_,Glycogen Storage Disease II,E70-E90,232300,,,,,,,,,,,,,,,,,,,,,,,,,,,,,,,,,,,,,,,,,,,,,
531,_____VII_,Glycogen Storage Disease VII,E70-E90,232800,,,,,,,,,,,,,,,,,,,,,,,,,,,,,,,,,,,,,,,,,,,,,
532,_____V_,Glycogen Storage Disease V,E70-E90,232600,,,,,,,,,,,,,,,,,,,,,,,,,,,,,,,,,,,,,,,,,,,,,
533,___________,Primary Lactase Deficiency,E70-E90,,,,,,,,,,,,,,,,,,,,,,,,,,,,,,,,,,,,,,,,,,,,,,
534,______________,Primary Hypoalphalipoproteinemia,E70-E90,604091,,,,,,,,,,,,,,,,,,,,,,,,,,,,,,,,,,,,,,,,,,,,,
535,_________,Classic Cystinuria,E70-E90,,,,,,,,,,,,,,,,,,,,,,,,,,,,,,,,,,,,,,,,,,,,,,
536,_Lp(a)__,Hyper Lp(a) lipoproteinemia,E70-E90,,,,,,,,,,,,,,,,,,,,,,,,,,,,,,,,,,,,,,,,,,,,,,
537,"________, ________, _________",Hyperornithinemia-Hyperammonemia-Homocitrullinuria,E70-E90,238970,,,,,,,,,,,,,,,,,,,,,,,,,,,,,,,,,,,,,,,,,,,,,
538,_______,Hypercystinuria,E70-E90,238200,,,,,,,,,,,,,,,,,,,,,,,,,,,,,,,,,,,,,,,,,,,,,
539,_______II_,Hyperoxaluria Type II,E70-E90,260000,,,,,,,,,,,,,,,,,,,,,,,,,,,,,,,,,,,,,,,,,,,,,
540,_______I_,Hyperoxaluria Type I,E70-E90,259900,,,,,,,,,,,,,,,,,,,,,,,,,,,,,,,,,,,,,,,,,,,,,
541,______,Hypervalinemia,E70-E90,277100,,,,,,,,,,,,,,,,,,,,,,,,,,,,,,,,,,,,,,,,,,,,,
542,____________,Hyperhydroxyprolinemia,E70-E90,,,,,,,,,,,,,,,,,,,,,,,,,,,,,,,,,,,,,,,,,,,,,,
543,_______II_,Hyperprolinemia Type II,E70-E90,239510,,,,,,,,,,,,,,,,,,,,,,,,,,,,,,,,,,,,,,,,,,,,,
544,_______I_,Hyperprolinemia Type I,E70-E90,239500,,,,,,,,,,,,,,,,,,,,,,,,,,,,,,,,,,,,,,,,,,,,,
545,________,Hypermethioninemia,E70-E90,180960,250850,,,,,,,,,,,,,,,,,,,,,,,,,,,,,,,,,,,,,,,,,,,,
546,______,Hyperlysinemia,E70-E90,238700,238710,238750,,,,,,,,,,,,,,,,,,,,,,,,,,,,,,,,,,,,,,,,,,,
547,_____-________,Hyperleucine-Isoleucinemia,E70-E90,238340,,,,,,,,,,,,,,,,,,,,,,,,,,,,,,,,,,,,,,,,,,,,,
548,_____,Hyperuricemia,E70-E90,240000,,,,,,,,,,,,,,,,,,,,,,,,,,,,,,,,,,,,,,,,,,,,,
549,______,Lipodystrophy,E70-E90,151660,151800,248370,269700,269880,604367,606721,608154,608594,608600,608612,608709,,,,,,,,,,,,,,,,,,,,,,,,,,,,,,,,,,
550,________________,Autosomal Dominant Hypophosphatemic Rickets,E70-E90,193100,,,,,,,,,,,,,,,,,,,,,,,,,,,,,,,,,,,,,,,,,,,,,
551,________________,Autosomal Recessive Hypercholesterolemia,E70-E90,603813,,,,,,,,,,,,,,,,,,,,,,,,,,,,,,,,,,,,,,,,,,,,,
552,_____________,Neuronal ceroid-lipofuscinosis,E70-E90,,,,,,,,,,,,,,,,,,,,,,,,,,,,,,,,,,,,,,,,,,,,,,
553,________________,Erythropoietic Protoporphyria,E70-E90,177000,,,,,,,,,,,,,,,,,,,,,,,,,,,,,,,,,,,,,,,,,,,,,
554,__________,Congenital Chloridorrhea,E70-E90,214700,,,,,,,,,,,,,,,,,,,,,,,,,,,,,,,,,,,,,,,,,,,,,
555,___________,Congenital Homocystinuria Syndrome,E70-E90,,,,,,,,,,,,,,,,,,,,,,,,,,,,,,,,,,,,,,,,,,,,,,
556,________________,Congenital Erythropoietic Porphyria,E70-E90,263700,,,,,,,,,,,,,,,,,,,,,,,,,,,,,,,,,,,,,,,,,,,,,
557,_______________,Polygenic Hypercholesterolemia,E70-E90,,,,,,,,,,,,,,,,,,,,,,,,,,,,,,,,,,,,,,,,,,,,,,
558,____________,Multiple Sulfatase Deficiency,E70-E90,272200,,,,,,,,,,,,,,,,,,,,,,,,,,,,,,,,,,,,,,,,,,,,,
559,___________/__________,Multiple Carboxylase/Biotinidase Deficiency,E70-E90,253260,253270,,,,,,,,,,,,,,,,,,,,,,,,,,,,,,,,,,,,,,,,,,,,
560,__________,Variegate Porphyria,E70-E90,176200,,,,,,,,,,,,,,,,,,,,,,,,,,,,,,,,,,,,,,,,,,,,,
561,_______,Acrodermatitis Enteropathica,E70-E90,201100,,,,,,,,,,,,,,,,,,,,,,,,,,,,,,,,,,,,,,,,,,,,,
562,___________,Hypophosphatasia,E70-E90,146300,241500,241510,,,,,,,,,,,,,,,,,,,,,,,,,,,,,,,,,,,,,,,,,,,
563,_____,Hypouricemia,E70-E90,220150,242050,307830,,,,,,,,,,,,,,,,,,,,,,,,,,,,,,,,,,,,,,,,,,,
564,_________,Dibasic Aminoaciduria,E70-E90,222690,222700,,,,,,,,,,,,,,,,,,,,,,,,,,,,,,,,,,,,,,,,,,,,
565,_____________,Lactate Dehydrogenase Deficiency,E70-E90,150000,150100,,,,,,,,,,,,,,,,,,,,,,,,,,,,,,,,,,,,,,,,,,,,
566,______,Cystic Fibrosis,E70-E90,219700,219721,,,,,,,,,,,,,,,,,,,,,,,,,,,,,,,,,,,,,,,,,,,,
567,______,Cerebrotendinous xanthomatosis,E70-E90,,,,,,,,,,,,,,,,,,,,,,,,,,,,,,,,,,,,,,,,,,,,,,
568,___(____),Albinism (oculocutaneous),E70-E90,203100,203200,203290,278400,606574,606952,,,,,,,,,,,,,,,,,,,,,,,,,,,,,,,,,,,,,,,,
569,____________,Porphyria Cutanea Tarda,E70-E90,176090,176100,,,,,,,,,,,,,,,,,,,,,,,,,,,,,,,,,,,,,,,,,,,,
570,______________1_,Nonketotic hyperglycinemia-type I,E70-E90,,,,,,,,,,,,,,,,,,,,,,,,,,,,,,,,,,,,,,,,,,,,,,
571,___________,Essential Fructosuria,E70-E90,229800,,,,,,,,,,,,,,,,,,,,,,,,,,,,,,,,,,,,,,,,,,,,,
572,________,Essential pentosuria,E70-E90,,,,,,,,,,,,,,,,,,,,,,,,,,,,,,,,,,,,,,,,,,,,,,
573,__________,Abetalipoproteinemia,E70-E90,107730,200100,,,,,,,,,,,,,,,,,,,,,,,,,,,,,,,,,,,,,,,,,,,,
574,_____,Schizophrenia,F20-F29,118511,181500,181510,600511,600850,603013,603175,603176,603206,603342,604906,605419,608078,608543,,,,,,,,,,,,,,,,,,,,,,,,,,,,,,,,
575,___,Depression,F30-F39,608516,608520,608691,,,,,,,,,,,,,,,,,,,,,,,,,,,,,,,,,,,,,,,,,,,
576,_____,Bipolar Disorder,F30-F39,609633,,,,,,,,,,,,,,,,,,,,,,,,,,,,,,,,,,,,,,,,,,,,,
577,________,Anorexia Nervosa,F50-F59,606788,,,,,,,,,,,,,,,,,,,,,,,,,,,,,,,,,,,,,,,,,,,,,
578,______,Rett Syndrome,F80-F89,312750,,,,,,,,,,,,,,,,,,,,,,,,,,,,,,,,,,,,,,,,,,,,,
579,___,Autism,F80-F89,209850,300425,300495,300496,300830,605309,606053,607270,607373,608049,608636,609378,610676,610836,610838,610908,611015,611016,611913,612100,613410,613436,,,,,,,,,,,,,,,,,,,,,,,,
580,________,Acute Bacterial Meningitis,G00-G09,,,,,,,,,,,,,,,,,,,,,,,,,,,,,,,,,,,,,,,,,,,,,,
581,______,Hypothalamic Encephalitis,G00-G09,,,,,,,,,,,,,,,,,,,,,,,,,,,,,,,,,,,,,,,,,,,,,,
582,_________,Paraneoplastic Encephalomyelitis,G00-G09,,,,,,,,,,,,,,,,,,,,,,,,,,,,,,,,,,,,,,,,,,,,,,
583,____,Brainstem Encephalitis,G00-G09,,,,,,,,,,,,,,,,,,,,,,,,,,,,,,,,,,,,,,,,,,,,,,
584,____,Encephalomyelitis,G00-G09,,,,,,,,,,,,,,,,,,,,,,,,,,,,,,,,,,,,,,,,,,,,,,
585,_____,Limbic Encephalitis,G00-G09,,,,,,,,,,,,,,,,,,,,,,,,,,,,,,,,,,,,,,,,,,,,,,
586,X__________,X-Linked Spinobulbar Muscular Atrophy,G10-G13,313200,,,,,,,,,,,,,,,,,,,,,,,,,,,,,,,,,,,,,,,,,,,,,
587,______________________,Autosomal Recessive Spastic Ataxia of Charlevoix-Saguenay,G10-G13,270550,,,,,,,,,,,,,,,,,,,,,,,,,,,,,,,,,,,,,,,,,,,,,
588,_______,Huntington's Disease,G10-G13,143100,,,,,,,,,,,,,,,,,,,,,,,,,,,,,,,,,,,,,,,,,,,,,
589,__________,Friedreich's Ataxia,G10-G13,136600,229300,601992,,,,,,,,,,,,,,,,,,,,,,,,,,,,,,,,,,,,,,,,,,,
590,_________,Amyotrophic Lateral Sclerosis,G10-G13,105400,105550,205100,205200,205250,602099,602433,606640,608030,608031,608627,,,,,,,,,,,,,,,,,,,,,,,,,,,,,,,,,,,
591,______________,Dentatorubropallidoluysian Atrophy,G10-G13,125370,,,,,,,,,,,,,,,,,,,,,,,,,,,,,,,,,,,,,,,,,,,,,
592,______,Spinal Muscular Atrophy,G10-G13,158590,158600,181405,182970,182980,183020,253300,253400,253550,271109,271110,271150,271200,271220,271225,300489,301830,600175,600794,604320,605726,607088,,,,,,,,,,,,,,,,,,,,,,,,
593,____________,Ataxia Telangiectasia,G10-G13,208900,208910,251260,,,,,,,,,,,,,,,,,,,,,,,,,,,,,,,,,,,,,,,,,,,
594,DOPA________,DOPA-responsive Dystonia,G20-G26,128230,182125,605407,,,,,,,,,,,,,,,,,,,,,,,,,,,,,,,,,,,,,,,,,,,
595,_______,Parkinson's Disease,G20-G26,168100,168600,168601,191342,300557,556500,600116,602404,605543,605909,606324,606693,606852,607060,607688,,,,,,,,,,,,,,,,,,,,,,,,,,,,,,,
596,___________,Hereditary progressive dystonia,G20-G26,,,,,,,,,,,,,,,,,,,,,,,,,,,,,,,,,,,,,,,,,,,,,,
597,_________,Restless Legs Syndrome,G20-G26,102300,608831,610438,610439,611185,611242,612853,615197,,,,,,,,,,,,,,,,,,,,,,,,,,,,,,,,,,,,,,
598,______________,Opsoclonus-Myoclonus,G20-G26,,,,,,,,,,,,,,,,,,,,,,,,,,,,,,,,,,,,,,,,,,,,,,
599,________,Progressive Supranuclear Palsy,G20-G26,260540,601104,609454,,,,,,,,,,,,,,,,,,,,,,,,,,,,,,,,,,,,,,,,,,,
600,___________,Early-onset torsion dystonia,G20-G26,,,,,,,,,,,,,,,,,,,,,,,,,,,,,,,,,,,,,,,,,,,,,,
601,__________,Idiopathic Torsion Dystonia,G20-G26,,,,,,,,,,,,,,,,,,,,,,,,,,,,,,,,,,,,,,,,,,,,,,
602,___,Chorea,G20-G26,118700,215450,601372,,,,,,,,,,,,,,,,,,,,,,,,,,,,,,,,,,,,,,,,,,,
603,________,Alzheimer's Disease,G30-G32,104300,104310,127750,163729,502500,602096,604154,605055,605526,606187,606889,607116,607822,608907,609636,,,,,,,,,,,,,,,,,,,,,,,,,,,,,,,
604,_________,Dementia with Lewy Bodies,G30-G32,127750,,,,,,,,,,,,,,,,,,,,,,,,,,,,,,,,,,,,,,,,,,,,,
605,__________,Hereditary cortical cerebellar atrophy,G30-G32,,,,,,,,,,,,,,,,,,,,,,,,,,,,,,,,,,,,,,,,,,,,,,
606,_Hu________________,Anti-Hu Paraneoplastic Neuropathy,G30-G32,,,,,,,,,,,,,,,,,,,,,,,,,,,,,,,,,,,,,,,,,,,,,,
607,______________,Axonal Sensorimotor Neuropathy,G30-G32,,,,,,,,,,,,,,,,,,,,,,,,,,,,,,,,,,,,,,,,,,,,,,
608,__________,Paraneoplastic Cerebellar Ataxia,G30-G32,,,,,,,,,,,,,,,,,,,,,,,,,,,,,,,,,,,,,,,,,,,,,,
609,__________,Paraneoplastic Cerebellar Degeneration,G30-G32,,,,,,,,,,,,,,,,,,,,,,,,,,,,,,,,,,,,,,,,,,,,,,
610,_______,Spinocerebellar Ataxia,G30-G32,117210,164400,164500,183000,183050,183086,183090,271245,271250,271270,600223,600224,603516,604326,604432,605259,605361,606002,606364,606658,607136,607250,607317,607346,607454,607458,607459,608687,608703,608768,609270,609306,609307,,,,,,,,,,,,,
611,________,Frontotemporal Lobar Degeneration,G30-G32,607485,,,,,,,,,,,,,,,,,,,,,,,,,,,,,,,,,,,,,,,,,,,,,
612,______,Multiple System Atrophy,G30-G32,,,,,,,,,,,,,,,,,,,,,,,,,,,,,,,,,,,,,,,,,,,,,,
613,________,Episodic Ataxia,G30-G32,108500,160120,600111,601949,606552,606554,,,,,,,,,,,,,,,,,,,,,,,,,,,,,,,,,,,,,,,,
614,CADASIL,CADASIL,G35-G37,125310,,,,,,,,,,,,,,,,,,,,,,,,,,,,,,,,,,,,,,,,,,,,,
615,______,Multiple Sclerosis,G35-G37,126200,,,,,,,,,,,,,,,,,,,,,,,,,,,,,,,,,,,,,,,,,,,,,
616,Miller-Dieker___,Miller-Dieker's syndrome,G40-G47,,,,,,,,,,,,,,,,,,,,,,,,,,,,,,,,,,,,,,,,,,,,,,
617,_______,Epilepsy Syndrome,G40-G47,609056,,,,,,,,,,,,,,,,,,,,,,,,,,,,,,,,,,,,,,,,,,,,,
618,________________,Unverricht-Lundborg disease,G40-G47,,,,,,,,,,,,,,,,,,,,,,,,,,,,,,,,,,,,,,,,,,,,,,
619,__________,Familial Hemiplegic Migraine,G40-G47,141500,602481,609634,,,,,,,,,,,,,,,,,,,,,,,,,,,,,,,,,,,,,,,,,,,
620,________,Childhood absence epilepsy,G40-G47,,,,,,,,,,,,,,,,,,,,,,,,,,,,,,,,,,,,,,,,,,,,,,
621,_________,Sleep Apnea,G40-G47,107640,107650,137763,207720,,,,,,,,,,,,,,,,,,,,,,,,,,,,,,,,,,,,,,,,,,
622,_____________________,MERRF Syndrome,G40-G47,545000,,,,,,,,,,,,,,,,,,,,,,,,,,,,,,,,,,,,,,,,,,,,,
623,______________,Severe myoclonic epilepsy of infancy,G40-G47,,,,,,,,,,,,,,,,,,,,,,,,,,,,,,,,,,,,,,,,,,,,,,
624,_____________,Generalized Epilepsy with Febrile Convulsions Plus,G40-G47,,,,,,,,,,,,,,,,,,,,,,,,,,,,,,,,,,,,,,,,,,,,,,
625,___,Migraine,G40-G47,141500,157300,300125,300425,602481,607498,607501,607508,607516,609179,609570,609634,609670,610208,610209,611631,611706,613656,,,,,,,,,,,,,,,,,,,,,,,,,,,,
626,__________,Benign Neonatal Familial Convulsion,G40-G47,121200,121201,269720,606437,607745,608217,,,,,,,,,,,,,,,,,,,,,,,,,,,,,,,,,,,,,,,,
627,__________,Guillain-Barre Syndrome,G50-G59,139393,,,,,,,,,,,,,,,,,,,,,,,,,,,,,,,,,,,,,,,,,,,,,
628,_______________1_,Charcot-Marie-Tooth Disease Type 1,G50-G59,118200,118220,118300,601098,607678,607734,,,,,,,,,,,,,,,,,,,,,,,,,,,,,,,,,,,,,,,,
629,_______________2_,Charcot-Marie-Tooth Disease Type 2,G50-G59,118210,600882,601472,605588,605589,606071,606595,607677,607684,607731,607736,607831,608591,608673,609260,,,,,,,,,,,,,,,,,,,,,,,,,,,,,,,
630,___________,Dejerine-Sottas Disease,G50-G59,145900,,,,,,,,,,,,,,,,,,,,,,,,,,,,,,,,,,,,,,,,,,,,,
631,____________,Miller Fisher Syndrome,G50-G59,,,,,,,,,,,,,,,,,,,,,,,,,,,,,,,,,,,,,,,,,,,,,,
632,_____,Refsum Disease,G50-G59,266500,266510,600964,,,,,,,,,,,,,,,,,,,,,,,,,,,,,,,,,,,,,,,,,,,
633,______________,Hereditary Neuropathy with Pressure Palsies,G50-G59,162500,,,,,,,,,,,,,,,,,,,,,,,,,,,,,,,,,,,,,,,,,,,,,
634,______________,Hereditary Sensory and Autonomic Neuropathy,G50-G59,162400,201300,223900,256800,608088,608654,,,,,,,,,,,,,,,,,,,,,,,,,,,,,,,,,,,,,,,,
635,_________________,Familial Amyloid Polyneuropathy,G50-G59,,,,,,,,,,,,,,,,,,,,,,,,,,,,,,,,,,,,,,,,,,,,,,
636,_________,Sensory Neuronopathy,G50-G59,,,,,,,,,,,,,,,,,,,,,,,,,,,,,,,,,,,,,,,,,,,,,,
637,________________,Predominant Sensory Demyelinating Neuropathy,G50-G59,,,,,,,,,,,,,,,,,,,,,,,,,,,,,,,,,,,,,,,,,,,,,,
638,_____________,Acute Pharyngeal Cervicobrachial Neuropathy,G50-G59,,,,,,,,,,,,,,,,,,,,,,,,,,,,,,,,,,,,,,,,,,,,,,
639,______________,Acute Motor Axonal Neuropathy,G50-G59,,,,,,,,,,,,,,,,,,,,,,,,,,,,,,,,,,,,,,,,,,,,,,
640,_________________,Acute Inflammatory Demyelinating Polyneuropathy,G50-G59,139393,,,,,,,,,,,,,,,,,,,,,,,,,,,,,,,,,,,,,,,,,,,,,
641,______,Carpal Tunnel Syndrome,G50-G59,115430,,,,,,,,,,,,,,,,,,,,,,,,,,,,,,,,,,,,,,,,,,,,,
642,______________,Paraneoplastic Sensory Neuronopathy,G50-G59,,,,,,,,,,,,,,,,,,,,,,,,,,,,,,,,,,,,,,,,,,,,,,
643,________________,Congenital Hypomyelination,G50-G59,605253,,,,,,,,,,,,,,,,,,,,,,,,,,,,,,,,,,,,,,,,,,,,,
644,_____________,Multifocal Motor Neuropathy,G50-G59,,,,,,,,,,,,,,,,,,,,,,,,,,,,,,,,,,,,,,,,,,,,,,
645,_________________,Chronic Inflammatory Demyelinating Polyneuropathy,G50-G59,,,,,,,,,,,,,,,,,,,,,,,,,,,,,,,,,,,,,,,,,,,,,,
646,______________,Chronic Sensory Motor Neuropathy,G50-G59,,,,,,,,,,,,,,,,,,,,,,,,,,,,,,,,,,,,,,,,,,,,,,
647,_________________,Chronic Sensory Ataxic Neuropathy,G50-G59,,,,,,,,,,,,,,,,,,,,,,,,,,,,,,,,,,,,,,,,,,,,,,
648,1___________,Myotonic Dystrophy Type 1,G70-G73,160900,,,,,,,,,,,,,,,,,,,,,,,,,,,,,,,,,,,,,,,,,,,,,
649,2___________,Myotonic Dystrophy Type 2,G70-G73,602668,,,,,,,,,,,,,,,,,,,,,,,,,,,,,,,,,,,,,,,,,,,,,
650,Lambert-Eaton______,Lambert-Eaton Myasthenic Syndrome,G70-G73,,,,,,,,,,,,,,,,,,,,,,,,,,,,,,,,,,,,,,,,,,,,,,
651,Welander________,Welander Distal Myopathy,G70-G73,604454,,,,,,,,,,,,,,,,,,,,,,,,,,,,,,,,,,,,,,,,,,,,,
652,__________________,Emery-Dreifuss Muscular Dystrophy,G70-G73,181350,310300,604929,,,,,,,,,,,,,,,,,,,,,,,,,,,,,,,,,,,,,,,,,,,
653,____________,Kearns-Sayre Syndrome,G70-G73,530000,,,,,,,,,,,,,,,,,,,,,,,,,,,,,,,,,,,,,,,,,,,,,
654,_____________,Schwartz-Jampel syndrome (chondrodystrophic myotonia),G70-G73,,,,,,,,,,,,,,,,,,,,,,,,,,,,,,,,,,,,,,,,,,,,,,
655,__________,Stiff-Person Syndrome,G70-G73,149400,184850,,,,,,,,,,,,,,,,,,,,,,,,,,,,,,,,,,,,,,,,,,,,
656,________,Central Core Disease,G70-G73,117000,,,,,,,,,,,,,,,,,,,,,,,,,,,,,,,,,,,,,,,,,,,,,
657,_______________,Duchenne Muscular Dystrophy,G70-G73,310200,,,,,,,,,,,,,,,,,,,,,,,,,,,,,,,,,,,,,,,,,,,,,
658,_____,Thomsen's Disease,G70-G73,160800,,,,,,,,,,,,,,,,,,,,,,,,,,,,,,,,,,,,,,,,,,,,,
659,______________,Na channel myotonia,G70-G73,,,,,,,,,,,,,,,,,,,,,,,,,,,,,,,,,,,,,,,,,,,,,,
660,_________,Nemaline Myopathy,G70-G73,161800,256030,605355,609273,609284,609285,,,,,,,,,,,,,,,,,,,,,,,,,,,,,,,,,,,,,,,,
661,_____________,Becker Muscular Dystrophy,G70-G73,300376,,,,,,,,,,,,,,,,,,,,,,,,,,,,,,,,,,,,,,,,,,,,,
662,_____,Becker's Disease,G70-G73,255700,,,,,,,,,,,,,,,,,,,,,,,,,,,,,,,,,,,,,,,,,,,,,
663,_______DNA_______,Mitochondrial DNA Depletion Myopathy,G70-G73,251880,,,,,,,,,,,,,,,,,,,,,,,,,,,,,,,,,,,,,,,,,,,,,
664,__________________________,MELAS Syndrome,G70-G73,540000,,,,,,,,,,,,,,,,,,,,,,,,,,,,,,,,,,,,,,,,,,,,,
665,_______,Primary merosin deficiency,G70-G73,,,,,,,,,,,,,,,,,,,,,,,,,,,,,,,,,,,,,,,,,,,,,,
666,___________,Hereditary Inclusion Body Myopathy,G70-G73,600737,605637,,,,,,,,,,,,,,,,,,,,,,,,,,,,,,,,,,,,,,,,,,,,
667,________________,Distal Myopathy with Rimmed Vacuoles,G70-G73,605820,,,,,,,,,,,,,,,,,,,,,,,,,,,,,,,,,,,,,,,,,,,,,
668,___________,Oculopharyngeal Muscular Dystrophy,G70-G73,164300,,,,,,,,,,,,,,,,,,,,,,,,,,,,,,,,,,,,,,,,,,,,,
669,______________,Facioscapulohumeral Muscular Dystrophy,G70-G73,158900,158901,,,,,,,,,,,,,,,,,,,,,,,,,,,,,,,,,,,,,,,,,,,,
670,_____________,Hyperkalemic Periodic Paralysis,G70-G73,170500,,,,,,,,,,,,,,,,,,,,,,,,,,,,,,,,,,,,,,,,,,,,,
671,_______,Miyoshi Myopathy,G70-G73,254130,,,,,,,,,,,,,,,,,,,,,,,,,,,,,,,,,,,,,,,,,,,,,
672,______,Myasthenia Gravis,G70-G73,159400,254200,254210,607085,,,,,,,,,,,,,,,,,,,,,,,,,,,,,,,,,,,,,,,,,,
673,________________A,Limb-Girdle Muscular Dystrophy 1A,G70-G73,159000,,,,,,,,,,,,,,,,,,,,,,,,,,,,,,,,,,,,,,,,,,,,,
674,________________B,Limb-Girdle Muscular Dystrophy 1B,G70-G73,159001,,,,,,,,,,,,,,,,,,,,,,,,,,,,,,,,,,,,,,,,,,,,,
675,________________C,Limb-Girdle Muscular Dystrophy 1C,G70-G73,607801,,,,,,,,,,,,,,,,,,,,,,,,,,,,,,,,,,,,,,,,,,,,,
676,________________D,Limb-Girdle Muscular Dystrophy 1D,G70-G73,603511,,,,,,,,,,,,,,,,,,,,,,,,,,,,,,,,,,,,,,,,,,,,,
677,________________E,Limb-Girdle Muscular Dystrophy 1E,G70-G73,,,,,,,,,,,,,,,,,,,,,,,,,,,,,,,,,,,,,,,,,,,,,,
678,________________A,Limb-Girdle Muscular Dystrophy 2A,G70-G73,253600,,,,,,,,,,,,,,,,,,,,,,,,,,,,,,,,,,,,,,,,,,,,,
679,________________B,Limb-Girdle Muscular Dystrophy 2B,G70-G73,253601,,,,,,,,,,,,,,,,,,,,,,,,,,,,,,,,,,,,,,,,,,,,,
680,________________C,Limb-Girdle Muscular Dystrophy 2C,G70-G73,253700,,,,,,,,,,,,,,,,,,,,,,,,,,,,,,,,,,,,,,,,,,,,,
681,________________D,Limb-Girdle Muscular Dystrophy 2D,G70-G73,608099,,,,,,,,,,,,,,,,,,,,,,,,,,,,,,,,,,,,,,,,,,,,,
682,________________E,Limb-Girdle Muscular Dystrophy 2E,G70-G73,604286,,,,,,,,,,,,,,,,,,,,,,,,,,,,,,,,,,,,,,,,,,,,,
683,________________F,Limb-Girdle Muscular Dystrophy 2F,G70-G73,601287,,,,,,,,,,,,,,,,,,,,,,,,,,,,,,,,,,,,,,,,,,,,,
684,________________G,Limb-Girdle Muscular Dystrophy 2G,G70-G73,601954,,,,,,,,,,,,,,,,,,,,,,,,,,,,,,,,,,,,,,,,,,,,,
685,________________H,Limb-Girdle Muscular Dystrophy 2H,G70-G73,254110,,,,,,,,,,,,,,,,,,,,,,,,,,,,,,,,,,,,,,,,,,,,,
686,________________I,Limb-Girdle Muscular Dystrophy 2I,G70-G73,607155,,,,,,,,,,,,,,,,,,,,,,,,,,,,,,,,,,,,,,,,,,,,,
687,________________J,Limb-Girdle Muscular Dystrophy 2J,G70-G73,608807,,,,,,,,,,,,,,,,,,,,,,,,,,,,,,,,,,,,,,,,,,,,,
688,_______,Neuromyotonia,G70-G73,160120,,,,,,,,,,,,,,,,,,,,,,,,,,,,,,,,,,,,,,,,,,,,,
689,__________,Paramyotonia Congenita,G70-G73,168300,,,,,,,,,,,,,,,,,,,,,,,,,,,,,,,,,,,,,,,,,,,,,
690,_______,Myotonia Congenita,G70-G73,160800,255700,608390,,,,,,,,,,,,,,,,,,,,,,,,,,,,,,,,,,,,,,,,,,,
691,_________,Congenital Myasthenic Syndrome,G70-G73,254210,254300,601462,603034,605809,608930,608931,,,,,,,,,,,,,,,,,,,,,,,,,,,,,,,,,,,,,,,
692,________,Centronuclear Myopathy,G70-G73,160150,255200,310400,,,,,,,,,,,,,,,,,,,,,,,,,,,,,,,,,,,,,,,,,,,
693,_____________,Hypokalemic Periodic Paralysis,G70-G73,170400,,,,,,,,,,,,,,,,,,,,,,,,,,,,,,,,,,,,,,,,,,,,,
694,_____________,Fukuyama Congenital Muscular Dystrophy,G70-G73,253800,,,,,,,,,,,,,,,,,,,,,,,,,,,,,,,,,,,,,,,,,,,,,
695,_________,Tibial Muscular Dystrophy,G70-G73,600334,,,,,,,,,,,,,,,,,,,,,,,,,,,,,,,,,,,,,,,,,,,,,
696,________,Familial Spastic Paraplegia,G80-G83,182600,182601,600363,,,,,,,,,,,,,,,,,,,,,,,,,,,,,,,,,,,,,,,,,,,
697,________________,Autoimmune Autonomic Neuropathy,G90-G99,,,,,,,,,,,,,,,,,,,,,,,,,,,,,,,,,,,,,,,,,,,,,,
698,____________,Autonomic Neuropathy,G90-G99,,,,,,,,,,,,,,,,,,,,,,,,,,,,,,,,,,,,,,,,,,,,,,
699,_________,Allergic conjunctivitis,H10-H13,,,,,,,,,,,,,,,,,,,,,,,,,,,,,,,,,,,,,,,,,,,,,,
700,_____,Uveitis,H15-H22,,,,,,,,,,,,,,,,,,,,,,,,,,,,,,,,,,,,,,,,,,,,,,
701,___,Cataract,H25-H28,115645,115650,115660,115665,115700,115800,115900,116100,116150,116200,116300,116400,116600,116700,116800,212500,212540,300619,600881,600886,601202,601286,601353,601371,601547,601885,603807,604219,604307,605387,605728,605749,607133,607304,607674,608983,609026,609376,609741,610019,610202,610425,610634,611391,611544,611597
702,______,Age-Related Macular Degeneration,H30-H36,153800,603075,608895,610149,610698,611378,611488,611953,613757,613761,613778,613784,,,,,,,,,,,,,,,,,,,,,,,,,,,,,,,,,,
703,_______,Paraneoplastic Retinopathy,H30-H36,,,,,,,,,,,,,,,,,,,,,,,,,,,,,,,,,,,,,,,,,,,,,,
704,_________,Diabetic Proliferative Retinopathy,H30-H36,,,,,,,,,,,,,,,,,,,,,,,,,,,,,,,,,,,,,,,,,,,,,,
705,____________,Gyrate Atrophy of the Choroid and Retina,H30-H36,258870,,,,,,,,,,,,,,,,,,,,,,,,,,,,,,,,,,,,,,,,,,,,,
706,___,Glaucoma,H40-H42,137750,137760,177700,231300,603383,606657,609887,613086,613100,617272,,,,,,,,,,,,,,,,,,,,,,,,,,,,,,,,,,,,
707,_________________,Autosomal Dominant Progressive External Ophthalmoplegia,H49-H52,157640,609283,609286,,,,,,,,,,,,,,,,,,,,,,,,,,,,,,,,,,,,,,,,,,,
708,_____,Hereditary Hearing Impairment,H90-H95,,,,,,,,,,,,,,,,,,,,,,,,,,,,,,,,,,,,,,,,,,,,,,
709,___________,Autosomal Dominant Progressive Deafness,H90-H95,,,,,,,,,,,,,,,,,,,,,,,,,,,,,,,,,,,,,,,,,,,,,,
710,_____,Rheumatic fever,I00-I02,,,,,,,,,,,,,,,,,,,,,,,,,,,,,,,,,,,,,,,,,,,,,,
711,11beta__________________,11beta-hydroxysteroid dehydrogenase deficiency,I10-I15,,,,,,,,,,,,,,,,,,,,,,,,,,,,,,,,,,,,,,,,,,,,,,
712,11beta___________,11beta-hydroxylase deficiency,I10-I15,,,,,,,,,,,,,,,,,,,,,,,,,,,,,,,,,,,,,,,,,,,,,,
713,_________________,Apparent Mineralocorticoid Excess Syndrome,I10-I15,207765,218030,,,,,,,,,,,,,,,,,,,,,,,,,,,,,,,,,,,,,,,,,,,,
714,__________,Hypertension under acute psychological stress,I10-I15,,,,,,,,,,,,,,,,,,,,,,,,,,,,,,,,,,,,,,,,,,,,,,
715,______,Juvenile hypertension,I10-I15,,,,,,,,,,,,,,,,,,,,,,,,,,,,,,,,,,,,,,,,,,,,,,
716,_______,Renovascular Hypertension,I10-I15,,,,,,,,,,,,,,,,,,,,,,,,,,,,,,,,,,,,,,,,,,,,,,
717,_______,Renal Parenchymal Hypertension,I10-I15,,,,,,,,,,,,,,,,,,,,,,,,,,,,,,,,,,,,,,,,,,,,,,
718,_______,Endocrine hypertension,I10-I15,,,,,,,,,,,,,,,,,,,,,,,,,,,,,,,,,,,,,,,,,,,,,,
719,______,Essential Hypertension,I10-I15,145500,603918,604329,607329,608742,,,,,,,,,,,,,,,,,,,,,,,,,,,,,,,,,,,,,,,,,
720,ST_______,ST-Segment Elevation Myocardial Infarction,I20-I25,,,,,,,,,,,,,,,,,,,,,,,,,,,,,,,,,,,,,,,,,,,,,,
721,___,Coronary vasospasm,I20-I25,,,,,,,,,,,,,,,,,,,,,,,,,,,,,,,,,,,,,,,,,,,,,,
722,______,Acute coronary syndrome,I20-I25,,,,,,,,,,,,,,,,,,,,,,,,,,,,,,,,,,,,,,,,,,,,,,
723,______,Ischemic Heart Disease,I20-I25,,,,,,,,,,,,,,,,,,,,,,,,,,,,,,,,,,,,,,,,,,,,,,
724,______,Ischemic arrhythmia,I20-I25,,,,,,,,,,,,,,,,,,,,,,,,,,,,,,,,,,,,,,,,,,,,,,
725,___,Angina pectoris,I20-I25,,,,,,,,,,,,,,,,,,,,,,,,,,,,,,,,,,,,,,,,,,,,,,
726,____,Myocardial Infarction,I20-I25,150571,601176,602601,606857,608446,608557,,,,,,,,,,,,,,,,,,,,,,,,,,,,,,,,,,,,,,,,
727,_ST_______,Non-ST-Elevation Myocardial Infarction,I20-I25,,,,,,,,,,,,,,,,,,,,,,,,,,,,,,,,,,,,,,,,,,,,,,
728,_______,Primary Pulmonary Hypertension,I26-I28,178600,265380,265400,,,,,,,,,,,,,,,,,,,,,,,,,,,,,,,,,,,,,,,,,,,
729,______,Pulmonary Thromboembolism,I26-I28,,,,,,,,,,,,,,,,,,,,,,,,,,,,,,,,,,,,,,,,,,,,,,
730,____,Pulmonary Embolism,I26-I28,,,,,,,,,,,,,,,,,,,,,,,,,,,,,,,,,,,,,,,,,,,,,,
731,QT_____,Long QT Syndrome,I30-I52,152427,170390,176261,192500,600919,601005,603796,603830,,,,,,,,,,,,,,,,,,,,,,,,,,,,,,,,,,,,,,
732,________,Viral Myocarditis,I30-I52,,,,,,,,,,,,,,,,,,,,,,,,,,,,,,,,,,,,,,,,,,,,,,
733,_______________,Catecholamine VT,I30-I52,,,,,,,,,,,,,,,,,,,,,,,,,,,,,,,,,,,,,,,,,,,,,,
734,_________________,Jorvell and Lange-Nielsen Syndrome,I30-I52,220400,,,,,,,,,,,,,,,,,,,,,,,,,,,,,,,,,,,,,,,,,,,,,
735,_______,Brugada Syndrome,I30-I52,601144,,,,,,,,,,,,,,,,,,,,,,,,,,,,,,,,,,,,,,,,,,,,,
736,______,Dilated Cardiomyopathy,I30-I52,107970,115200,212110,300069,302045,600884,601154,601493,601494,602067,604145,604288,604765,605362,605582,605676,605906,606685,607482,,607920,608569,,,,,,,,,,,,,,,,,,,,,,,,
737,_____,Acute Pericarditis,I30-I52,,,,,,,,,,,,,,,,,,,,,,,,,,,,,,,,,,,,,,,,,,,,,,
738,______,Restrictive Cardiomyopathy,I30-I52,115210,609578,612422,,,,,,,,,,,,,,,,,,,,,,,,,,,,,,,,,,,,,,,,,,,
739,______,Hypertrophic Cardiomyopathy,I30-I52,115195,115196,115197,188840,191044,192600,600858,608751,608758,,,,,,,,,,,,,,,,,,,,,,,,,,,,,,,,,,,,,
740,___________,Atherosclerosis,I70-I79,108725,192240,209010,,,,,,,,,,,,,,,,,,,,,,,,,,,,,,,,,,,,,,,,,,,
741,_____________,Hereditary Hemorrhagic Telangiectasia,I70-I79,187300,600376,601101,,,,,,,,,,,,,,,,,,,,,,,,,,,,,,,,,,,,,,,,,,,
742,___,Aneurysm,I70-I79,100070,132900,604622,607086,607087,608967,609781,609782,,,,,,,,,,,,,,,,,,,,,,,,,,,,,,,,,,,,,,
743,_______,Deep Venous Thrombosis,I80-I89,605271,,,,,,,,,,,,,,,,,,,,,,,,,,,,,,,,,,,,,,,,,,,,,
744,_____,Venous Thrombosis,I80-I89,605271,,,,,,,,,,,,,,,,,,,,,,,,,,,,,,,,,,,,,,,,,,,,,
745,_________,Influenza Infection,J10-J18,,,,,,,,,,,,,,,,,,,,,,,,,,,,,,,,,,,,,,,,,,,,,,
746,__,Pneumonia,J10-J18,247610,,,,,,,,,,,,,,,,,,,,,,,,,,,,,,,,,,,,,,,,,,,,,
747,________,Allergic Rhinitis,J30-J39,147050,607154,,,,,,,,,,,,,,,,,,,,,,,,,,,,,,,,,,,,,,,,,,,,
748,______,Bronchiectasis,J40-J47,211400,242650,,,,,,,,,,,,,,,,,,,,,,,,,,,,,,,,,,,,,,,,,,,,
749,___,Emphysema,J40-J47,130700,130710,602564,,,,,,,,,,,,,,,,,,,,,,,,,,,,,,,,,,,,,,,,,,,
750,________,Chronic Obstructive Pulmonary Disease,J40-J47,606963,,,,,,,,,,,,,,,,,,,,,,,,,,,,,,,,,,,,,,,,,,,,,
751,__,Asthma,J40-J47,208550,208600,600807,607277,608584,,,,,,,,,,,,,,,,,,,,,,,,,,,,,,,,,,,,,,,,,
752,_____,Hypersensitivity Pneumonitis,J60-J70,145300,,,,,,,,,,,,,,,,,,,,,,,,,,,,,,,,,,,,,,,,,,,,,
753,______,Interstitial Lung Disease,J80-J84,263000,,,,,,,,,,,,,,,,,,,,,,,,,,,,,,,,,,,,,,,,,,,,,
754,_________,Acute Respiratory Distress Syndrome,J80-J84,,,,,,,,,,,,,,,,,,,,,,,,,,,,,,,,,,,,,,,,,,,,,,
755,_______,Idiopathic Pulmonary Fibrosis,J80-J84,178500,,,,,,,,,,,,,,,,,,,,,,,,,,,,,,,,,,,,,,,,,,,,,
756,___,Pulmonary Edema,J80-J84,178400,,,,,,,,,,,,,,,,,,,,,,,,,,,,,,,,,,,,,,,,,,,,,
757,_____,Pulmonary Alveolar Proteinosis,J80-J84,265120,,,,,,,,,,,,,,,,,,,,,,,,,,,,,,,,,,,,,,,,,,,,,
758,A___,Type A Gastritis,K20-K31,,,,,,,,,,,,,,,,,,,,,,,,,,,,,,,,,,,,,,,,,,,,,,
759,______,Menetrier's Disease,K20-K31,137280,,,,,,,,,,,,,,,,,,,,,,,,,,,,,,,,,,,,,,,,,,,,,
760,______,Gastroesophageal regurgitation,K20-K31,,,,,,,,,,,,,,,,,,,,,,,,,,,,,,,,,,,,,,,,,,,,,,
761,_____,Peptic Ulcer Disease,K20-K31,,,,,,,,,,,,,,,,,,,,,,,,,,,,,,,,,,,,,,,,,,,,,,
762,_____,Crohn's Disease,K50-K52,,,,,,,,,,,,,,,,,,,,,,,,,,,,,,,,,,,,,,,,,,,,,,
763,______,Ulcerative Colitis,K50-K52,191390,,,,,,,,,,,,,,,,,,,,,,,,,,,,,,,,,,,,,,,,,,,,,
764,________,Mesenteric Venous Thrombosis,K55-K63,,,,,,,,,,,,,,,,,,,,,,,,,,,,,,,,,,,,,,,,,,,,,,
765,_________,Alcoholic Cirrhosis,K70-K77,,,,,,,,,,,,,,,,,,,,,,,,,,,,,,,,,,,,,,,,,,,,,,
766,__,Hepatitis,K70-K77,,,,,,,,,,,,,,,,,,,,,,,,,,,,,,,,,,,,,,,,,,,,,,
767,____,Hepatic Coma,K70-K77,,,,,,,,,,,,,,,,,,,,,,,,,,,,,,,,,,,,,,,,,,,,,,
768,____,Hepatic Encephalopathy,K70-K77,,,,,,,,,,,,,,,,,,,,,,,,,,,,,,,,,,,,,,,,,,,,,,
769,_________,Primary Biliary Cirrhosis,K70-K77,109720,,,,,,,,,,,,,,,,,,,,,,,,,,,,,,,,,,,,,,,,,,,,,
770,______________,Progressive Familial Intrahepatic Cholestasis,K70-K77,211600,235555,601847,602347,607765,,,,,,,,,,,,,,,,,,,,,,,,,,,,,,,,,,,,,,,,,
771,_____________,Nonalcoholic Fatty Liver Disease,K70-K77,613282,613387,,,,,,,,,,,,,,,,,,,,,,,,,,,,,,,,,,,,,,,,,,,,
772,_____________,Benign Recurrent Intrahepatic Cholestasis,K70-K77,243300,605479,,,,,,,,,,,,,,,,,,,,,,,,,,,,,,,,,,,,,,,,,,,,
773,____,Acute Pancreatitis,K80-K87,,,,,,,,,,,,,,,,,,,,,,,,,,,,,,,,,,,,,,,,,,,,,,
774,__,Gallstone,K80-K87,,,,,,,,,,,,,,,,,,,,,,,,,,,,,,,,,,,,,,,,,,,,,,
775,_____-____,Celiac Sprue,K90-K93,212750,,,,,,,,,,,,,,,,,,,,,,,,,,,,,,,,,,,,,,,,,,,,,
776,________,Dumping Syndrome,K90-K93,,,,,,,,,,,,,,,,,,,,,,,,,,,,,,,,,,,,,,,,,,,,,,
777,____________,Hereditary Fructose Intolerance,K90-K93,229600,,,,,,,,,,,,,,,,,,,,,,,,,,,,,,,,,,,,,,,,,,,,,
778,_______,Malabsorption Syndrome,K90-K93,247950,250900,,,,,,,,,,,,,,,,,,,,,,,,,,,,,,,,,,,,,,,,,,,,
779,______,Afferent Loop Syndrome,K90-K93,,,,,,,,,,,,,,,,,,,,,,,,,,,,,,,,,,,,,,,,,,,,,,
780,________,Atopic Dermatitis,L20-L30,603165,605803,605804,605805,605844,605845,,,,,,,,,,,,,,,,,,,,,,,,,,,,,,,,,,,,,,,,
781,___________,Allergic contact dermatitis,L20-L30,,,,,,,,,,,,,,,,,,,,,,,,,,,,,,,,,,,,,,,,,,,,,,
782,________,Lymphomatoid Papulosis,L40-L45,,,,,,,,,,,,,,,,,,,,,,,,,,,,,,,,,,,,,,,,,,,,,,
783,__,Psoriasis,L40-L45,177900,309480,601454,602723,603935,604316,605364,605606,607857,,,,,,,,,,,,,,,,,,,,,,,,,,,,,,,,,,,,,
784,___,Urticaria,L50-L54,120100,125630,154800,191850,191900,191950,,,,,,,,,,,,,,,,,,,,,,,,,,,,,,,,,,,,,,,,
785,_________,Papular Mucinosis,L80-L99,,,,,,,,,,,,,,,,,,,,,,,,,,,,,,,,,,,,,,,,,,,,,,
786,_______,Lichen Myxedematosus,L80-L99,,,,,,,,,,,,,,,,,,,,,,,,,,,,,,,,,,,,,,,,,,,,,,
787,______,Psoriatic Arthritis,M05-M14,607507,,,,,,,,,,,,,,,,,,,,,,,,,,,,,,,,,,,,,,,,,,,,,
788,______,Rheumatoid Arthritis,M05-M14,180300,604302,,,,,,,,,,,,,,,,,,,,,,,,,,,,,,,,,,,,,,,,,,,,
789,_______,Adult Still's disease,M05-M14,,,,,,,,,,,,,,,,,,,,,,,,,,,,,,,,,,,,,,,,,,,,,,
790,__,Monosodium Urate Gout,M05-M14,,,,,,,,,,,,,,,,,,,,,,,,,,,,,,,,,,,,,,,,,,,,,,
791,________________,CPPD Deposition Disease,M05-M14,118600,,,,,,,,,,,,,,,,,,,,,,,,,,,,,,,,,,,,,,,,,,,,,
792,____,Uric Acid Nephropathy,M05-M14,,,,,,,,,,,,,,,,,,,,,,,,,,,,,,,,,,,,,,,,,,,,,,
793,______,Reactive Arthritis,M05-M14,,,,,,,,,,,,,,,,,,,,,,,,,,,,,,,,,,,,,,,,,,,,,,
794,SAPHO___,SAPHO Syndrome,M15-M19,,,,,,,,,,,,,,,,,,,,,,,,,,,,,,,,,,,,,,,,,,,,,,
795,______,Osteoarthritis,M15-M19,140600,165720,604864,605027,607850,,,,,,,,,,,,,,,,,,,,,,,,,,,,,,,,,,,,,,,,,
796,____,Hemarthrosis,M20-M25,,,,,,,,,,,,,,,,,,,,,,,,,,,,,,,,,,,,,,,,,,,,,,
797,_________,Wegener's Granulomatosis,M30-M36,186580,608710,,,,,,,,,,,,,,,,,,,,,,,,,,,,,,,,,,,,,,,,,,,,
798,___________,Goodpasture's Syndrome,M30-M36,233450,,,,,,,,,,,,,,,,,,,,,,,,,,,,,,,,,,,,,,,,,,,,,
799,_________,Sjogren's Syndrome,M30-M36,270150,,,,,,,,,,,,,,,,,,,,,,,,,,,,,,,,,,,,,,,,,,,,,
800,_______,Behcet's Syndrome,M30-M36,,,,,,,,,,,,,,,,,,,,,,,,,,,,,,,,,,,,,,,,,,,,,,
801,______,Giant Cell Arteritis,M30-M36,187360,,,,,,,,,,,,,,,,,,,,,,,,,,,,,,,,,,,,,,,,,,,,,
802,________,Polyarteritis Nodosa,M30-M36,,,,,,,,,,,,,,,,,,,,,,,,,,,,,,,,,,,,,,,,,,,,,,
803,____________,Thrombotic Thrombocytopenic Purpura,M30-M36,274150,,,,,,,,,,,,,,,,,,,,,,,,,,,,,,,,,,,,,,,,,,,,,
804,_________,Microscopic polyangiitis,M30-M36,,,,,,,,,,,,,,,,,,,,,,,,,,,,,,,,,,,,,,,,,,,,,,
805,______________,Eosinophilic Granulomatosis with Polyangiitis,M30-M36,,,,,,,,,,,,,,,,,,,,,,,,,,,,,,,,,,,,,,,,,,,,,,
806,________,Anti-Glomerular Basement Membrane Disease,M30-M36,,,,,,,,,,,,,,,,,,,,,,,,,,,,,,,,,,,,,,,,,,,,,,
807,___________,Systemic Lupus Erythematosus,M30-M36,152700,601744,605218,605480,606579,607279,607965,607966,607967,608437,,,,,,,,,,,,,,,,,,,,,,,,,,,,,,,,,,,,
808,______,Systemic Sclerosis,M30-M36,181750,,,,,,,,,,,,,,,,,,,,,,,,,,,,,,,,,,,,,,,,,,,,,
809,____,Polymyositis,M30-M36,,,,,,,,,,,,,,,,,,,,,,,,,,,,,,,,,,,,,,,,,,,,,,
810,____,Dermatomyositis,M30-M36,,,,,,,,,,,,,,,,,,,,,,,,,,,,,,,,,,,,,,,,,,,,,,
811,_____,Inclusion Body Myositis,M30-M36,147421,,,,,,,,,,,,,,,,,,,,,,,,,,,,,,,,,,,,,,,,,,,,,
812,______,Ankylosing Spondylitis,M45-M49,106300,,,,,,,,,,,,,,,,,,,,,,,,,,,,,,,,,,,,,,,,,,,,,
813,_____,Calcific Tendinitis,M65-M68,,,,,,,,,,,,,,,,,,,,,,,,,,,,,,,,,,,,,,,,,,,,,,
814,_____,Fibromyalgia,M70-M79,,,,,,,,,,,,,,,,,,,,,,,,,,,,,,,,,,,,,,,,,,,,,,
815,_______,Hepatic osteodystrophy,M80-M85,,,,,,,,,,,,,,,,,,,,,,,,,,,,,,,,,,,,,,,,,,,,,,
816,____,Osteoporosis,M80-M85,166710,259750,,,,,,,,,,,,,,,,,,,,,,,,,,,,,,,,,,,,,,,,,,,,
817,_______,Oncogenic Osteomalacia,M80-M85,,,,,,,,,,,,,,,,,,,,,,,,,,,,,,,,,,,,,,,,,,,,,,
818,______,Metabolic Bone Disease,M80-M85,,,,,,,,,,,,,,,,,,,,,,,,,,,,,,,,,,,,,,,,,,,,,,
819,________,Paget Disease of Bone,M86-M90,167250,602080,606263,,,,,,,,,,,,,,,,,,,,,,,,,,,,,,,,,,,,,,,,,,,
820,_______,Hypertrophic Osteoarthropathy,M86-M90,167100,,,,,,,,,,,,,,,,,,,,,,,,,,,,,,,,,,,,,,,,,,,,,
821,_________,Relapsing Polychondritis,M91-M94,,,,,,,,,,,,,,,,,,,,,,,,,,,,,,,,,,,,,,,,,,,,,,
822,IgA__,IgA Nephropathy,N00-N08,161950,,,,,,,,,,,,,,,,,,,,,,,,,,,,,,,,,,,,,,,,,,,,,
823,L____,Light Chain Deposition Disease,N00-N08,,,,,,,,,,,,,,,,,,,,,,,,,,,,,,,,,,,,,,,,,,,,,,
824,_______________,Cryoglobulinemia Glomerulopathy,N00-N08,,,,,,,,,,,,,,,,,,,,,,,,,,,,,,,,,,,,,,,,,,,,,,
825,______________,Mesangioproliferative Glomerulonephritis,N00-N08,,,,,,,,,,,,,,,,,,,,,,,,,,,,,,,,,,,,,,,,,,,,,,
826,______,Liddle Syndrome,N00-N08,177200,,,,,,,,,,,,,,,,,,,,,,,,,,,,,,,,,,,,,,,,,,,,,
827,______,Lupus Nephritis,N00-N08,,,,,,,,,,,,,,,,,,,,,,,,,,,,,,,,,,,,,,,,,,,,,,
828,___________,Focal and Segmental Glomerulosclerosis,N00-N08,603278,603965,607832,,,,,,,,,,,,,,,,,,,,,,,,,,,,,,,,,,,,,,,,,,,
829,______,Diabetic Nephropathy,N00-N08,603933,,,,,,,,,,,,,,,,,,,,,,,,,,,,,,,,,,,,,,,,,,,,,
830,__________________,Idiopathic Renal-Limited Crescentic Glomerulonephritis,N00-N08,,,,,,,,,,,,,,,,,,,,,,,,,,,,,,,,,,,,,,,,,,,,,,
831,___________,Crescentic Glomerulonephritis,N00-N08,,,,,,,,,,,,,,,,,,,,,,,,,,,,,,,,,,,,,,,,,,,,,,
832,_____,Minimal Change Disease,N00-N08,,,,,,,,,,,,,,,,,,,,,,,,,,,,,,,,,,,,,,,,,,,,,,
833,______,Membranous Glomerulopathy,N00-N08,,,,,,,,,,,,,,,,,,,,,,,,,,,,,,,,,,,,,,,,,,,,,,
834,__________,Membranoproliferative Glomerulonephritis,N00-N08,137940,305800,,,,,,,,,,,,,,,,,,,,,,,,,,,,,,,,,,,,,,,,,,,,
835,_______,Thin Basement Membrane Nephropathy,N00-N08,141200,,,,,,,,,,,,,,,,,,,,,,,,,,,,,,,,,,,,,,,,,,,,,
836,_____,Urinary Tract Obstruction,N10-N16,,,,,,,,,,,,,,,,,,,,,,,,,,,,,,,,,,,,,,,,,,,,,,
837,____,Nephrolithiasis,N20-N23,167030,300009,310468,605990,,,,,,,,,,,,,,,,,,,,,,,,,,,,,,,,,,,,,,,,,,
838,1___________,Type 1 Renal Tubular Acidosis,N25-N29,179800,267300,602722,,,,,,,,,,,,,,,,,,,,,,,,,,,,,,,,,,,,,,,,,,,
839,2___________,Type 2 Renal Tubular Acidosis,N25-N29,179830,604278,,,,,,,,,,,,,,,,,,,,,,,,,,,,,,,,,,,,,,,,,,,,
840,3___________,Type 3 Renal Tubular Acidosis,N25-N29,267200,,,,,,,,,,,,,,,,,,,,,,,,,,,,,,,,,,,,,,,,,,,,,
841,4___________,Type 4 Renal Tubular Acidosis,N25-N29,,,,,,,,,,,,,,,,,,,,,,,,,,,,,,,,,,,,,,,,,,,,,,
842,_______,Renal osteodystrophy,N25-N29,,,,,,,,,,,,,,,,,,,,,,,,,,,,,,,,,,,,,,,,,,,,,,
843,______,Prostatic hypertrophy,N40-N51,,,,,,,,,,,,,,,,,,,,,,,,,,,,,,,,,,,,,,,,,,,,,,
844,_____,Pathologic Gynecomastia,N60-N64,139300,306500,,,,,,,,,,,,,,,,,,,,,,,,,,,,,,,,,,,,,,,,,,,,
845,_____,Endometriosis,N80-N98,,,,,,,,,,,,,,,,,,,,,,,,,,,,,,,,,,,,,,,,,,,,,,
846,____,Hydatidiform Mole,O00-O08,231090,,,,,,,,,,,,,,,,,,,,,,,,,,,,,,,,,,,,,,,,,,,,,
847,____,Preeclampsia,O10-O16,,,,,,,,,,,,,,,,,,,,,,,,,,,,,,,,,,,,,,,,,,,,,,
848,_________________,Persistent hyperinsulinemic hypoglycemia of infancy,P70-P74,,,,,,,,,,,,,,,,,,,,,,,,,,,,,,,,,,,,,,,,,,,,,,
849,X______,X-linked lissencephaly,Q00-Q07,,,,,,,,,,,,,,,,,,,,,,,,,,,,,,,,,,,,,,,,,,,,,,
850,___,Microcephaly,Q00-Q07,,,,,,,,,,,,,,,,,,,,,,,,,,,,,,,,,,,,,,,,,,,,,,
851,_________,Septo-Optic Dysplasia,Q00-Q07,,,,,,,,,,,,,,,,,,,,,,,,,,,,,,,,,,,,,,,,,,,,,,
852,___________,Subcortical ectopic gray matter,Q00-Q07,,,,,,,,,,,,,,,,,,,,,,,,,,,,,,,,,,,,,,,,,,,,,,
853,______,Congenital Heart Disease,Q20-Q28,,,,,,,,,,,,,,,,,,,,,,,,,,,,,,,,,,,,,,,,,,,,,,
854,________,Alagille Syndrome,Q38-Q45,118450,610205,,,,,,,,,,,,,,,,,,,,,,,,,,,,,,,,,,,,,,,,,,,,
855,__________,Persistent Mullerian Duct syndrome,Q50-Q56,261550,,,,,,,,,,,,,,,,,,,,,,,,,,,,,,,,,,,,,,,,,,,,,
856,__________________________,Mayer-Rokitansky-Kuster-Hauser Syndrome,Q50-Q56,277000,,,,,,,,,,,,,,,,,,,,,,,,,,,,,,,,,,,,,,,,,,,,,
857,___________,Leydig Cell Hypoplasia,Q50-Q56,152790,,,,,,,,,,,,,,,,,,,,,,,,,,,,,,,,,,,,,,,,,,,,,
858,______,Gonadal Dysgenesis,Q50-Q56,233300,233400,233420,233430,306100,605756,607080,608509,,,,,,,,,,,,,,,,,,,,,,,,,,,,,,,,,,,,,,
859,____,Cryptorchidism,Q50-Q56,219050,314300,,,,,,,,,,,,,,,,,,,,,,,,,,,,,,,,,,,,,,,,,,,,
860,____________,Denys-Drash Syndrome,Q60-Q64,136680,194080,,,,,,,,,,,,,,,,,,,,,,,,,,,,,,,,,,,,,,,,,,,,
861,_____,Nephronophthisis,Q60-Q64,256100,266900,602088,604387,606966,,,,,,,,,,,,,,,,,,,,,,,,,,,,,,,,,,,,,,,,,
862,____________,Autosomal Dominant Polycystic Kidney Disease,Q60-Q64,173900,173910,600666,601313,,,,,,,,,,,,,,,,,,,,,,,,,,,,,,,,,,,,,,,,,,
863,____________,Ehlers-Danlos Syndrome,Q65-Q79,130000,130010,130020,130050,130060,130070,130080,130090,147900,225310,225320,225400,225410,229200,304150,305200,608763,,,,,,,,,,,,,,,,,,,,,,,,,,,,,
864,_____________,Schimke Immuno-Osseous Dysplasia,Q65-Q79,242900,,,,,,,,,,,,,,,,,,,,,,,,,,,,,,,,,,,,,,,,,,,,,
865,_________________,McCune-Albright Syndrome,Q65-Q79,174800,,,,,,,,,,,,,,,,,,,,,,,,,,,,,,,,,,,,,,,,,,,,,
866,_______,Campomelic Dysplasia,Q65-Q79,114290,602196,,,,,,,,,,,,,,,,,,,,,,,,,,,,,,,,,,,,,,,,,,,,
867,______,Osteogenesis Imperfecta,Q65-Q79,166200,166210,166220,166230,166240,166260,259410,259420,259440,259450,259770,,,,,,,,,,,,,,,,,,,,,,,,,,,,,,,,,,,
868,_________,Progressive Diaphyseal Dysplasia,Q65-Q79,131300,,,,,,,,,,,,,,,,,,,,,,,,,,,,,,,,,,,,,,,,,,,,,
869,___________,Hyperostosis Corticalis Generalisata,Q65-Q79,144750,239100,,,,,,,,,,,,,,,,,,,,,,,,,,,,,,,,,,,,,,,,,,,,
870,______,Multiple Exostosis,Q65-Q79,,,,,,,,,,,,,,,,,,,,,,,,,,,,,,,,,,,,,,,,,,,,,,
871,_____,Osteopetrosis,Q65-Q79,166600,259700,259710,259720,259730,600329,607634,,,,,,,,,,,,,,,,,,,,,,,,,,,,,,,,,,,,,,,
872,__-______,Cartilage-Hair Hypoplasia,Q65-Q79,250250,250460,,,,,,,,,,,,,,,,,,,,,,,,,,,,,,,,,,,,,,,,,,,,
873,______,Chondrodysplasia,Q65-Q79,,,,,,,,,,,,,,,,,,,,,,,,,,,,,,,,,,,,,,,,,,,,,,
874,______,Achondrodysplasia,Q65-Q79,,,,,,,,,,,,,,,,,,,,,,,,,,,,,,,,,,,,,,,,,,,,,,
875,_____,Pyknodysostosis,Q65-Q79,265800,,,,,,,,,,,,,,,,,,,,,,,,,,,,,,,,,,,,,,,,,,,,,
876,________,Alport's Syndrome,Q80-Q89,104200,153640,153650,203780,300194,300195,301050,,,,,,,,,,,,,,,,,,,,,,,,,,,,,,,,,,,,,,,
877,_______,Gorlin Syndrome,Q80-Q89,109400,,,,,,,,,,,,,,,,,,,,,,,,,,,,,,,,,,,,,,,,,,,,,
878,___________,Bardet-Biedl Syndrome,Q80-Q89,209900,,,,,,,,,,,,,,,,,,,,,,,,,,,,,,,,,,,,,,,,,,,,,
879,_____________,von Hippel-Lindau Syndrome,Q80-Q89,193300,,,,,,,,,,,,,,,,,,,,,,,,,,,,,,,,,,,,,,,,,,,,,
880,_______,Bloom Syndrome,Q80-Q89,210900,,,,,,,,,,,,,,,,,,,,,,,,,,,,,,,,,,,,,,,,,,,,,
881,__________,Prader-Willi Syndrome,Q80-Q89,176270,,,,,,,,,,,,,,,,,,,,,,,,,,,,,,,,,,,,,,,,,,,,,
882,___________,Holt-Oram Syndrome,Q80-Q89,142900,,,,,,,,,,,,,,,,,,,,,,,,,,,,,,,,,,,,,,,,,,,,,
883,________,Marfan Syndrome,Q80-Q89,154700,154705,,,,,,,,,,,,,,,,,,,,,,,,,,,,,,,,,,,,,,,,,,,,
884,______,Tuberous Sclerosis,Q80-Q89,191090,191091,191100,,,,,,,,,,,,,,,,,,,,,,,,,,,,,,,,,,,,,,,,,,,
885,________,Cleidocranial dysplasia,Q80-Q89,,,,,,,,,,,,,,,,,,,,,,,,,,,,,,,,,,,,,,,,,,,,,,
886,_______,Hypothalamic Hamartoma,Q80-Q89,241800,,,,,,,,,,,,,,,,,,,,,,,,,,,,,,,,,,,,,,,,,,,,,
887,______,Xeroderma pigmentosum,Q80-Q89,,,,,,,,,,,,,,,,,,,,,,,,,,,,,,,,,,,,,,,,,,,,,,
888,______1_,Neurofibromatosis Type 1,Q80-Q89,162200,,,,,,,,,,,,,,,,,,,,,,,,,,,,,,,,,,,,,,,,,,,,,
889,______2_,Neurofibromatosis Type 2,Q80-Q89,101000,,,,,,,,,,,,,,,,,,,,,,,,,,,,,,,,,,,,,,,,,,,,,
890,________,Dyskeratosis Congenita,Q80-Q89,127550,224230,305000,,,,,,,,,,,,,,,,,,,,,,,,,,,,,,,,,,,,,,,,,,,
891,________,Systemic Mastocytosis,Q80-Q89,,,,,,,,,,,,,,,,,,,,,,,,,,,,,,,,,,,,,,,,,,,,,,
892,________,Nail-Patella Syndrome,Q80-Q89,161200,,,,,,,,,,,,,,,,,,,,,,,,,,,,,,,,,,,,,,,,,,,,,
893,_____,Epidermolysis Bullosa,Q80-Q89,113811,131705,131750,131760,131800,131850,131880,131900,131950,131960,132000,226440,226450,226500,226600,226650,226670,226700,226730,226735,302000,601001,604129,607600,609352,,,,,,,,,,,,,,,,,,,,,
894,____________,Klinefelter Syndrome,Q90-Q99,,,,,,,,,,,,,,,,,,,,,,,,,,,,,,,,,,,,,,,,,,,,,,
895,______,Down's Syndrome,Q90-Q99,,,,,,,,,,,,,,,,,,,,,,,,,,,,,,,,,,,,,,,,,,,,,,
896,________,Postural Orthostatic Tachycardia Syndrome,R00-R09,,,,,,,,,,,,,,,,,,,,,,,,,,,,,,,,,,,,,,,,,,,,,,
897,______,Bulimia Nervosa,R50-R69,607499,,,,,,,,,,,,,,,,,,,,,,,,,,,,,,,,,,,,,,,,,,,,,
898,B1________,Vitamin B1 responsive congenital lactic acidemia,R70-R79,,,,,,,,,,,,,,,,,,,,,,,,,,,,,,,,,,,,,,,,,,,,,,
899,_________,Sudden Infant Death Syndrome,R95-R99,272120,,,,,,,,,,,,,,,,,,,,,,,,,,,,,,,,,,,,,,,,,,,,,
900,________,Anaphylaxis,T66-T78,,,,,,,,,,,,,,,,,,,,,,,,,,,,,,,,,,,,,,,,,,,,,,
901,__________,Severe Acute Respiratory Syndrome,U00-U49,,,,,,,,,,,,,,,,,,,,,,,,,,,,,,,,,,,,,,,,,,,,,,