KMN_candidate_IDs,KMN_candidate_Names,ICDclass,KMN_ICD10,reference,reliability,comment
KMN3,Sepsis,A30-A49,A41,who-icd,,
KMN16,Hereditary Nonpolyposis Colon Cancer,C15-C26,D48.9,orphanet,low,Lynch Syndrome is synonymous with Hereditary Non-Polyposis Colon Cancer (HNPCC).
KMN23,Pancreatic Endocrine Tumor,C15-C26,C25.4,who-icd,,
KMN24,Nesidioblastosis of Pancreas,C15-C26,C25.4,,,
KMN36,Cutaneous Squamous Cell Carcinoma,C43-C44,C44,cms-gov-2021,,
KMN37,Dermatofibrosarcoma Protuberans,C43-C44,C44;C49,web;orphanet,low,
KMN41,Hemangiopericytoma,C45-C49,C49;D21.9,wikipedia;orphanet,low,
KMN42,Liposarcoma,C45-C49,C49.9,who-icd,,
KMN43,Mesothelioma,C45-C49,C45,who-icd,,
KMN44,Soft Tissue Sarcoma,C45-C49,C49,who-icd,,
KMN46,Peripheral Nerve Sheath Tumors,C45-C49,C47,orphanet,,
KMN48,Sertoli Cell Tumor,C51-C58,"C56, C62",orphanet,,
KMN49,Leydig Cell Tumor,C51-C58,"C56, C62",orphanet,,
KMN51,Cervix Cancer,C51-C58,C53,who-icd,,
KMN52,Carcinoma of the Fallopian Tube,C51-C58,C57,cms-gov-2021,,
KMN55,Seminoma,C60-C63,C62.9,who-icd,,
KMN57,Nonseminoma,C60-C63,C62,,low,
KMN75,Thyroid Neoplasia,C73-C75,C73,orphanet,,
KMN86,B-cell Lymphoma,C81-C96,C85.1,who-icd,,
KMN87,B-cell Chronic Lymphocytic Leukaemia,C81-C96,C91.1,who-icd,,
KMN88,MALT Lymphoma,C81-C96,C88.4,who-icd,,
KMN89,POEMS Syndrome,C81-C96,D47.7,orphanet,low,
KMN90,T-cell Acute Lymphoid Leukemia,C81-C96,C91.0,cms-gov-2021,,acute lymphoblastic leukemia
KMN91,Diffuse Large-Cell Lymphoma,C81-C96,C83.3,who-icd,,
KMN92,Diffuse Large B-cell Lymphoma,C81-C96,C83.3,who-icd,,
KMN93,alpha Heavy Chain Disease,C81-C96,C88.3,who-icd,,
KMN94,gamma Heavy Chain Disease,C81-C96,C88.2,who-icd,,
KMN96,Sezary Syndrome,C81-C96,C84.1,orphanet,,
KMN98,Plasma-cell Leukaemia,C81-C96,C90.1,who-icd,,
KMN100,Mantle-cell Lymphoma,C81-C96,C83.1,who-icd,,
KMN101,mu Heavy Chain Disease,C81-C96,C88.2,who-icd,,
KMN103,Waldenstrom's Macroglobulinemia,C81-C96,C88.0,who-icd,,
KMN104,Acute Lymphoid Leukemia,C81-C96,C91.0,who-icd,,
KMN106,Minimally Differentiated Leukemia,C81-C96,C92.0,who-icd,,
KMN107,Myeloblastic Leukemia without Maturation,C81-C96,C92,orphanet,,
KMN108,Myeloblastic Leukemia with Maturation,C81-C96,C92,orphanet,,
KMN109,Hypergranular Promyelocytic Leukemia,C81-C96,C92.4,who-icd;wikipedia,,
KMN110,Myelomonocytic Leukemia,C81-C96,C92,who-icd,,
KMN111,Myelomonocytic Leukemia Variant: Increase in Abnormal Marrow Eosinophils,C81-C96,C92,,,
KMN112,Erythroleukemia,C81-C96,C94.0,who-icd,,
KMN113,Megakaryoblastic leukemia,C81-C96,C94.2,who-icd,,
KMN115,Nodular Lymphocyte-Predominant Hodgkin's Lymphoma,C81-C96,C81.0,who-icd,,
KMN116,Primary Effusion Lymphoma,C81-C96,C83.8,who-icd,,
KMN117,Classical Hodgkin's Lymphoma,C81-C96,C81.2,who-icd,,
KMN118,Adult T Cell Lymphoma/Leukemia,C81-C96,C91.5,who-icd,,
KMN119,Primary Testicular Lymphoma,C81-C96,NO_DATA,,,
KMN120,Precursor B Cell Acute Lymphoid Leukemia,C81-C96,C83.5;C91.0,orphanet,,
KMN121,Precursor T cell Lymphoblastic Lymphoma,C81-C96,C91.0,orphanet,,
KMN123,Monocytic Leukemia,C81-C96,C93,who-icd,,
KMN124,Cutaneous T cell Lymphoma,C81-C96,C84.8,who-icd,,
KMN127,Chronic Myelogenous Leukemia,C81-C96,C92.1,who-icd,,
KMN128,Anaplastic Large T-cell Lymphoma,C81-C96,C83.3,who-icd,,
KMN129,Immunoblastic lymphoma,C81-C96,C83.3,who-icd,,
KMN130,Immunoproliferative Small Intestinal Disease,C81-C96,C88.3,who-icd,,
KMN134,Vipoma,D10-D36,C25.4,wikipedia,,
KMN135,Insulinoma,D10-D36,D13.7,who-icd,,
KMN137,Glucagonoma,D10-D36,D13.7,who-icd,,
KMN138,Somatostatinoma Syndrome,D10-D36,C25.4,kegg_disease,low,
KMN140,Pheochromocytoma,D10-D36,D35.0,who-icd,,
KMN141,TSH-Secreting Adenomas,D10-D36,D35.2,orphanet,,
KMN142,Osteochondroma,D10-D36,D16.9,orphanet,,
KMN143,Lipoma,D10-D36,D17,who-icd,,
KMN144,Hypothalamic Gangliocytoma,D10-D36,D36.1,who-icd,low,
KMN145,Dysplastic gangliocytoma of cerebellum,D10-D36,Q04.8,orphanet,,
KMN146,Schwannoma,D10-D36,Q85.0,who-icd,,
KMN147,Neuroendocrine Tumor,D10-D36,NO_DATA,Codify,low,C7A-C7A.8 in Codify site
KMN148,Gonadotropin-Producing Pituitary Adenoma,D10-D36,D35.2,orphanet,,
KMN149,Polyposis Coli,D10-D36,D12.6,orphanet,,
KMN150,Myxoma,D10-D36,D16.4;D16.5,who-icd,,
KMN151,Pulmonary Lymphangioleiomyomatosis,D10-D36,D48.7,orphanet,,
KMN152,Leiomyoma,D10-D36,D25,,,
KMN154,Gastrinoma,D37-D48,D37.7,who-icd,,
KMN157,Pituitary Tumor,D37-D48,D44.3,who-icd,,
KMN158,Familial Paraganglioma Syndrome,D37-D48,D35.0;D35.6,orphanet,,
KMN159,Teratoma,D37-D48,D13.4;D27;D29.2,who-icd,,
KMN160,Hemangioblastoma,D37-D48,D33.4;D33.7  ,orphanet,,
KMN161,Goiter,D37-D48,E04.9,web,,
KMN164,GIST,D37-D48,D37.9,who-icd,,
KMN166,Meningiomas,D37-D48,D32.9,who-icd,,
KMN167,Desmoplastic Small Round-cell Tumor,D37-D48,C48.2,orphanet,,
KMN168,Adenoid-cystic carcinoma,D37-D48,C08.9,web,,
KMN169,Multiple Endocrine Neoplasia Type 1,D37-D48,D44.8,who-icd;wikipedia,,
KMN170,Multiple Endocrine Neoplasia Type 2,D37-D48,D44.8,who-icd;wikipedia,,
KMN171,Craniopharyngioma,D37-D48,D44.4,who-icd,,
KMN172,Soft Tissue Tumor,D37-D48,D20;D21;D23.5;D24;D48 ,who-icd,,
KMN173,Brain Tumor,D37-D48,D32;D33;D42;D43;D48.9,who-icd,,
KMN174,Refractory anemia,D37-D48,D46,who-icd,,
KMN175,Juxtaglomerular Cell Tumor,D37-D48,D41.0,who-icd,,
KMN176,Chronic Idiopathic Myelofibrosis,D37-D48,D47.4,who-icd,,
KMN177,Epithelioid Hemangioendothelioma,D37-D48,D18.0,orphanet,,
KMN179,Granulosa Cell Tumor,D37-D48,D39.1,who-icd,,
KMN184,alpha-Thalassemia Syndrome,D55-D59,D56.0,orphanet,,
KMN185,G6PD Deficiency,D55-D59,D55.0,who-icd;orphanet,,
KMN186,beta-Thalassemia Syndrome,D55-D59,D56.1,orphanet,,
KMN191,Sickle Cell Syndrome,D55-D59,D57,who-icd,,
KMN192,High oxygen affinity hemoglobin erythremia,D55-D59,NO_DATA,,,
KMN193,Congenital hemolytic anemia,D55-D59,"D55, D57",who-icd,,
KMN195,Immune Hemolysis,D55-D59,D59.0;D59.1,who-icd;wikipedia,low,autoimmune hemolytic anemia
KMN196,Spur Cell Anemia,D55-D59,NO_DATA,,,
KMN197,X-Linked Sideroblastic Anemia,D60-D64,D64.0,orphanet,,
KMN199,Hereditary sideroblastic anemia,D60-D64,D64.0,cms-gov-2021,,
KMN200,Anaplastic anemia,D60-D64,D61.0;D61.1;D61.2;D61.3;D61.9;D61.9,orphanet,low,aplasitc anemia
KMN201,Idiopathic sideroblastic anemia,D60-D64,D64.3,orphanet,,
KMN202,Alpha2 Plasmin Inhibitor Deficiency,D65-D69,D68.8,orphanet;kegg-disease,,
KMN203,Antithrombin Deficiency,D65-D69,D68.5,orphanet,,
KMN205,Glanzmann's Disease,D65-D69,D69.1,who-icd;orphanet,,
KMN207,Dysfibrinogenemia,D65-D69,D68.2,who-icd;orphanet,,
KMN210,Plasminogen Activator Inhibitor 1 Deficiency,D65-D69,D68.8,orphanet;kegg-disease,,
KMN211,Protein C Deficiency,D65-D69,D68.5,who-icd,,
KMN212,Protein S Deficiency,D65-D69,D68.5,who-icd;wikipedia,,
KMN213,Prothrombin Deficiency,D65-D69,D68.4,who-icd;orphanet,,
KMN214,Henoch-Schonlein Purpura,D65-D69,D69.0,who-icd;orphanet,,
KMN216,Resistance to Activated Protein C,D65-D69,D68.5,who-icd,,
KMN217,Hemophilia A,D65-D69,D66,who-icd,,
KMN218,Hemophilia B,D65-D69,D68,who-icd;orphanet,,
KMN219,Hyperfibrinogenemia,D65-D69,D68.2,web,,
KMN220,Coagulant factor VII hyperactivity,D65-D69,D68.2,who-icd,,
KMN221,Congenital coagulant factor XII deficiency,D65-D69,D68.2,who-icd,,
KMN222,Congenital hypoplasminogenemia,D65-D69,L90.5,orphanet,low,
KMN223,Congenital heparin cofactor II deficiency,D65-D69,D68.5,web,,
KMN230,Idiopathic Thrombocytopenic Purpura,D65-D69,D69.3,who-icd;orphanet,,
KMN233,TNF-alpha Receptor-associated Periodic Syndrome,D70-D77,E85.0,orphanet;wikipedia,,
KMN234,Mycobacteria Susceptibility,D70-D77,D84.8,orphanet,low,
KMN236,Eosinophilia,D70-D77,D72.1,cms-gov-2021,,
KMN237,Neutropenia,D70-D77,D70,cms-gov-2021,,
KMN238,Polycythemia,D70-D77,D75.1,who-icd,,
KMN239,Congenital Methemoglobinemia,D70-D77,D74.0,cms-gov-2021,,
KMN240,Congenital neutropenia,D70-D77,D70,who-icd,,
KMN241,Leukocyte Adhesion Deficiency Type 1,D70-D77,D84.8,orphanet;wikipedia,,
KMN242,Leukocyte Adhesion Deficiency Type 2,D70-D77,D84.8,orphanet,,
KMN243,Leukocyte Adhesion Deficiency Type 3,D70-D77,D84.8,orphanet,,
KMN282,X-linked TBG Deficiency,E00-E07,E07.8,who-icd,,
KMN283,Graves' Disease,E00-E07,E05.0,who-icd;orphanet,,
KMN284,Sick Euthyroid Syndrome,E00-E07,E07.8,who-icd,,
KMN285,Familial Dysalbuminemic Hyperthyroxinemia,E00-E07,E05.8,web,,
KMN286,Hashimoto's disease,E00-E07,E06.3,who-icd,,
KMN287,Resistance to Thyroid Hormone,E00-E07,E07,wikipedia,,
KMN288,Euthyroid Hyperthyroxinemia,E00-E07,E07.8,web,,
KMN289,Thyroid Disease,E00-E07,E05,who-icd,,
KMN290,Autoimmune Hypothyroidism,E00-E07,E06.3,web,,
KMN291,Congenital Hypothyroidism,E00-E07,E03.1,who-icd;orphanet,,
KMN308,17 alpha-Hydroxylase Deficiency,E20-E35,E25.0,orphanet,,
KMN309,21-Hydroxylase Deficiency,E20-E35,E25.0,who-icd;orphanet,,
KMN310,3 beta-Hydroxysteroid Dehydrogenase Type II Deficiency,E20-E35,E25.0,web,,
KMN311,ACTH Deficiency,E20-E35,E23.6,orphanet,,
KMN315,Carcinoid Syndrome,E20-E35,E34.0,cms-gov-2021,,
KMN316,Kallmann Syndrome,E20-E35,E23.0,orphanet,,
KMN319,Cushing's Disease,E20-E35,E24.0,orphanet,,
KMN320,Glucocorticoid-Remediable Aldosteronism,E20-E35,E26.02,cms-gov-2021,,
KMN321,Gonadotropin Deficiency,E20-E35,E23.0,who-icd,,
KMN322,Gonadotropin-Independent Precocious Puberty,E20-E35,E22.8,orphanet,,
KMN324,Frohlich Syndrome,E20-E35,E23.6,wikipedia,low,prune belly syndrome
KMN325,Jansen's Disease,E20-E35,Q78.5,orphanet,low,"metaphyseal chondeodysplasia, Jansen type"
KMN327,Lymphocytic Hypophysitis,E20-E35,E23.6,orphanet,,
KMN328,Ectopic hormone producing tumor,E20-E35,E24.3,orphanet,,cushing syndrome due to ectopic ACTH secretion
KMN330,Pseudopseudohypoparathyroidism,E20-E35,E20.1,who-icd;orphanet,,
KMN333,Syndrome of Inappropriate Antidiuretic Hormone Secretion,E20-E35,E22.2,who-icd,,
KMN334,Hypergonadotropic Hypogonadal Ovarian Failure,E20-E35,E28.36,web,,other primary ovarian faliure
KMN335,Autoimmune Polyendocrinopathy-Candidiasis-Ectodermal Dystrophy,E20-E35,E31.0,orphanet,,autoimmune polyendocrinopathy type 1
KMN336,Congenital Disorders Associated with Gonadotropin Deficiency,E20-E35,E23.0,orphanet,,isolated congenital hypogonadotropic  hypogonadism
KMN337,Gonadotropin-releasing Hormone Resistance,E20-E35,E23.0,orphanet,,isolated congenital hypogonadotropic  hypogonadism
KMN338,Adult GH Deficiency,E20-E35,E23.0,who-icd,,hypopituitarism
KMN341,Congenital Lipoid Adrenal Hyperplasia,E20-E35,E25.0,orphanet,,congenital lipoid adrenal hyperplasia due to STAR deficency
KMN343,Progeria,E20-E35,E34.8,who-icd,,
KMN344,Polyglandular Autoimmune Syndrome Type I,E20-E35,E31.0,orphanet,,
KMN345,Polyglandular Autoimmune Syndrome Type II,E20-E35,E31.0,orphanet,,
KMN346,Polycystic Ovarian Syndrome,E20-E35,E28.2,cms-gov-2021,,
KMN347,Idiopathic hypoparathyroidism,E20-E35,E20.0,cms-gov-2021,,
KMN348,Diabetes Insipidus,E20-E35,E23.2,cms-gov-2021,,
KMN349,Panhypopituitarism,E20-E35,E23.0,who-icd,,
KMN350,Adrenogenital Syndrome,E20-E35,E25,who-icd,,
KMN351,Ovarian Failure,E20-E35,E28.3,who-icd,,
KMN353,Rogers' Syndrome,E50-E64,Q21.0,orphanet,,thiamine-responsive megaloblastic anemia syndrome
KMN356,Vitamin B12 Deficiency,E50-E64,E53.8,who-icd,,
KMN357,Thiamine Deficiency,E50-E64,E51,cms-gov-2021,,
KMN358,Vitamin B6 Deficiency,E50-E64,E53.1,who-icd,,
KMN359,Vitamin D-Dependent Rickets Type II,E50-E64,E83.3,orphanet,,hypocalcemic vitamin D-resistant rickets
KMN360,Vitamin D-Dependent Rickets Type I,E50-E64,E55.0,orphanet,,hypocalcemic vitamin D-dependent rickets
KMN361,Vitamin D Deficiency,E50-E64,E55,cms-gov-2021,,
KMN362,Vitamin E deficiency,E50-E64,E56.0,who-icd,,
KMN363,Vitamin K Deficiency,E50-E64,E56.1,who-icd,,
KMN366,Folate Deficiency,E50-E64,E53.8,who-icd,,
KMN374,3-Oxothiolase Deficiency,E70-E90,E71.1,orphanet,,beta-ketothiolase deficiency
KMN375,3-Hydroxy-3-methylglutaric Aciduria,E70-E90,E71.1,orphanet,,3-hydroxy-3-methylglutaric aciduria
KMN376,3-Methylcrotonyl Glycinuria,E70-E90,E71.1,orphanet,,3-methylcrotonyl-CoA carboxylase deficiency
KMN377,3-Methylglutaconic Aciduria Type I,E70-E90,E71.1,orphanet,,
KMN378,4-Hydroxybutyric Aciduria,E70-E90,E72.8,orphanet,,succinic semialdehyde dehydrogenase deficiency
KMN379,Beta-mercaptolactate-cysteine disulfiduria,E70-E90,E72.1,orphanet,,
KMN381,GM2-ganglioside activator deficiency,E70-E90,E75.1,kegg_disease,,
KMN382,GTP Cyclohydrolase I Deficiency,E70-E90,E70.1,orphanet,,
KMN384,PRPP synthetase super-activity,E70-E90,E79.8,orphanet,,
KMN385,PRPP synthetase deficiency,E70-E90,NO_DATA,,,
KMN386,X-Linked Hypophosphatemic Rickets,E70-E90,E83.3,orphanet,,
KMN390,ApoA-I Deficiency,E70-E90,E78.6,orphanet,,
KMN392,Arginase Deficiency,E70-E90,E72.2,orphanet,,argininemia
KMN393,Argininosuccinic Acidemia,E70-E90,E72.2,who-icd,,
KMN394,alpha-Ketoadipic Acidemia,E70-E90,NO_DATA,,,
KMN396,alpha1 Antitrypsin Deficiency,E70-E90,E88.0,orphanet,,
KMN397,Andersen's Syndrome,E70-E90,E74.0,orphanet,,glycogen storage disease due to glycogen branching enzyme deficiency
KMN401,Wolman Disease,E70-E90,E75.5,orphanet,,
KMN402,Galactosemia with Uridyl Transferase Deficiency,E70-E90,E74.2,orphanet,low,classic galactosemia
KMN403,Uridine Diphosphate Galactose 4-Epimerase Deficiency,E70-E90,E74.2,orphanet,,erythorcyte galactose epimerase deficiency
KMN404,Ureidopropionase Deficiency,E70-E90,E79.8,orphanet,,beta-ureidopropionase deficiency
KMN405,Urocanic Aciduria,E70-E90,E70.8,orphanet,,
KMN408,CPT II Deficiency,E70-E90,E71.3,orphanet,,carnitine palmitoyltransferase II deficiency
KMN409,Carnitine Deficiency,E70-E90,E71.3,orphanet,,systemic primary carnitine deficiency
KMN410,Carnosinase deficiency,E70-E90,E70.8,orphanet,,
KMN411,Carbamylphosphate Synthase Deficiency,E70-E90,E72.29,wikipedia,,carbamoyl phosphate synthetase I deficiency
KMN412,Carbinolamine Dehydratase Deficiency,E70-E90,E70.1,orphanet,,pterin-4 alpha-carbinolamine dehydratase deficiency
KMN416,Glucose-Galactose Malabsorption,E70-E90,E74.3,orphanet,,
KMN417,Glucose-Transport Defect,E70-E90,E74.0,orphanet,,glycogen storage disease due to glucose-6-phosphatase deficiency type Ib
KMN419,Glutaric Acidemia Type II,E70-E90,E71.3,orphanet,,multiple acyl-CoA dehydrogenase deficiency
KMN420,Glutaric Acidemia Type I,E70-E90,E72.3,orphanet,,glutaryl-CoA dehydrogenase deficiency
KMN421,Cholesteryl Ester Storage Disease,E70-E90,E75.5,orphanet,,
KMN422,CETP Deficiency,E70-E90,E78.4,kegg_disease,,
KMN423,Sarcosinemia,E70-E90,E72.5,orphanet,,
KMN429,Citrullinemia Type II,E70-E90,E72.2,orphanet,,
KMN430,Citrullinemia Type I,E70-E90,E72.2,orphanet,,
KMN435,Sulfocysteinuria,E70-E90,E72.1,orphanet,,isolated sulfite oxidase deficiency
KMN438,Thymidine Phosphorylase Deficiency,E70-E90,G71.3,kegg_disease,low,mitochodrial neurogastrointestinal encephalomyopathy
KMN439,Tyrosinemia Type III,E70-E90,E70.2,orphanet,,
KMN440,Tyrosinemia Type II,E70-E90,E70.2,orphanet,,
KMN441,Tyrosinemia Type I,E70-E90,E70.2,orphanet,,
KMN444,ALA-Dehydratase-Deficient Porphyria,E70-E90,E80.2,orphanet,,porphyria due to ALA dehydratase deficiency
KMN445,Tryptophan Malabsorption,E70-E90,E72.0,orphanet,,hartnup disease
KMN446,Tryptophanuria,E70-E90,E70.8,orphanet,low,hypertryptophanemia
KMN447,Niemann-Pick Disease,E70-E90,E75.24,cms-gov-2021,,
KMN448,Hartnup Disease,E70-E90,E72.0,orphanet,,
KMN451,Histidinuria,E70-E90,E70.8,orphanet,,histidinemia
KMN453,HPRT Deficiency,E70-E90,E79.8,orphanet,,
KMN454,Pyrimidine 5'-Nucleotidase Deficiency,E70-E90,D55.3,orphanet,,
KMN456,Farber Disease,E70-E90,E75.2,who-icd;orphanet,,
KMN459,Fanconi Syndrome,E70-E90,E72.0,who-icd;orphanet,,
KMN460,Phenylketonuria Type III,E70-E90,NO_DATA,,,
KMN461,Phenylketonuria Type II,E70-E90,E70.1,orphanet,,dihydropteridine reductase deficinecy
KMN462,Phenylketonuria Type I,E70-E90,E70.0;E70.1,orphanet,,phenylketonuria
KMN464,"Fructose 1,6-diphosphatase Deficiency",E70-E90,E74.1,orphanet,,
KMN465,"Fructose 1,6-bisphosphate Aldolase A Deficiency",E70-E90,E74.19,web,,
KMN470,beta-Enolase Deficiency,E70-E90,E74.0,orphanet,,glycogen storage disease due to muscle beta-enolase deficiency
KMN471,Hawkinsinuria,E70-E90,E70.2,orphanet,,
KMN472,Phosphoglycerate Kinase Deficiency,E70-E90,E74.0,orphanet,,glycogen storage disease due to phosphoglycerate kinase 1 deficiency
KMN473,Phosphoglycerate Dehydrogenase Deficiency,E70-E90,E72.8,orphanet,,"3-phosphoglycerate dehydrogenase deficiency, infantile/juvenile form"
KMN474,Phosphoglycerate Mutase Deficiency,E70-E90,E74.0,orphanet,,glycogen storage disease due to phosphoglycerate mutase deficiency
KMN475,Homocarnosinosis,E70-E90,E70.8,orphanet,,carnosinase deficiency
KMN477,Homocystinuria and Methylmalonic Acidemia,E70-E90,E71.1,orphanet,,methylmalonic acidemia with homocystinuria
KMN478,Formiminoglutamic Aciduria,E70-E90,E70.8,orphanet,,
KMN479,Myoadenylate Deaminase Deficiency,E70-E90,E79.2,cms-gov-2021,,
KMN480,Mucolipidoses-III,E70-E90,E77.0,orphanet,,mucolipidosis type III gamma
KMN481,Mucolipidoses-II,E70-E90,E77.0,orphanet,,mucolipidosis type II
KMN482,Mucopolysaccharidosis IH/S,E70-E90,E76.0,orphanet,,hurler-scheie syndrome
KMN483,Mucopolysaccharidosis IH,E70-E90,E76.0,orphanet,,hurler syndrome
KMN484,Mucopolysaccharidosis IIIA,E70-E90,E76.2,orphanet,,sanfilippo syndrome type A
KMN485,Mucopolysaccharidosis IIIB,E70-E90,E76.2,orphanet,,sanfilippo syndrome type B
KMN486,Mucopolysaccharidosis IIIC,E70-E90,E76.2,orphanet,,sanfilippo syndrome type C
KMN487,Mucopolysaccharidosis IIID,E70-E90,E76.2,orphanet,,sanfilippo syndrome type D
KMN488,Mucopolysaccharidosis II,E70-E90,E76.1,orphanet,,
KMN489,Mucopolysaccharidosis IS,E70-E90,E76.0,orphanet,,scheie syndrome
KMN490,Mucopolysaccharidosis IVA,E70-E90,E76.2,orphanet,,
KMN491,Mucopolysaccharidosis IVB,E70-E90,E76.2,orphanet,,
KMN492,Mucopolysaccharidosis VII,E70-E90,E76.2,orphanet,,
KMN493,Mucopolysaccharidosis VI,E70-E90,E76.2,orphanet,,
KMN495,Metabolic Syndrome,E70-E90,E88.81,cms-gov-2021,,
KMN496,Methionine Malabsorption,E70-E90,E72.1,who-icd;wikipedia,,
KMN497,Methylmalonic Acidemia,E70-E90,E71.120,cms-gov-2021,,
KMN499,Lysinuria,E70-E90,E72.0,orphanet,,cystinuria
KMN500,Lipoamide dehydrogenasee deficieny,E70-E90,E71.0,kegg_disease,,dihydrolipoamide dehydrogenase deficiency
KMN501,Lipoprotein Lipase Deficiency,E70-E90,E78.3,orphanet,,familial lipoprotein lipase deficiency
KMN502,LCAT Deficiency,E70-E90,E78.6,orphanet,,
KMN505,Hereditary Xanthinuria,E70-E90,E79.8,who-icd;orphanet,,
KMN506,Hereditary Coproporphyria,E70-E90,E80.2,who-icd;orphanet,,
KMN507,Hereditary Vitamin D-resistant Rickets,E70-E90,E83.3,orphanet,,
KMN508,Hereditary Aceruloplasminemia,E70-E90,G23.0,kegg_disease,,aceruloplasminemia
KMN509,Familial Apolipoprotein C-II Deficiency,E70-E90,E78.3,orphanet,,
KMN510,Familial Dysbetalipoproteinemia,E70-E90,E78.2,orphanet,,dysbetalipoproteinemia
KMN511,Familial Defective ApoB-100,E70-E90,E78.0,who-icd,,familial hypercholesterolemia
KMN512,Familial Hyperalphalipoproteinemia,E70-E90,E78.4,orphanet,,cholesterol-ester transfer protein deficiency
KMN514,Familial Hypertriglyceridemia,E70-E90,E78.2,orphanet,,dysbetalipoproteinemia
KMN518,Activation-Induced Cytidine Deaminase Deficiency,E70-E90,D80.5,orphanet,,hyper-IgM syndrome type 2
KMN520,Hepatoerythropoietic porphyria,E70-E90,E80.2,orphanet,,
KMN521,Glycogen Storage Disease 0,E70-E90,E74.0,orphanet,,
KMN522,Glycogen Storage Disease III,E70-E90,E74.0,orphanet,,
KMN523,Glycogen Storage Disease IV,E70-E90,E74.0,orphanet,,
KMN524,Glycogen Storage Disease IX,E70-E90,E74.0,orphanet,,
KMN525,Glycogen Storage Disease I,E70-E90,E74.0,orphanet,,
KMN526,Glycogen Storage Disease VI,E70-E90,E74.0,orphanet,,
KMN527,Glycogen Storage Disease XI,E70-E90,E74.0,orphanet,,
KMN528,Pseudohypoaldosteronism,E70-E90,N25.8,orphanet,,
KMN529,Acute Intermittent Porphyria,E70-E90,E80.2,who-icd,,
KMN530,Glycogen Storage Disease II,E70-E90,E74.0,orphanet,,
KMN531,Glycogen Storage Disease VII,E70-E90,E74.0,orphanet,,
KMN532,Glycogen Storage Disease V,E70-E90,E74.0,orphanet,,
KMN533,Primary Lactase Deficiency,E70-E90,E73.0,who-icd,,congenital lactase deficiency
KMN534,Primary Hypoalphalipoproteinemia,E70-E90,E78.6,who-icd;wikipedia,,
KMN535,Classic Cystinuria,E70-E90,E72.0,who-icd;orphanet,,
KMN536,Hyper Lp(a) lipoproteinemia,E70-E90,E78.4,orphanet,,cholesterol-ester transfer protein deficiency
KMN537,Hyperornithinemia-Hyperammonemia-Homocitrullinuria,E70-E90,E72.4,orphanet,,
KMN538,Hypercystinuria,E70-E90,NO_DATA,,,
KMN539,Hyperoxaluria Type II,E70-E90,E74.8,who-icd;orphanet,,
KMN540,Hyperoxaluria Type I,E70-E90,E74.8,who-icd;orphanet,,
KMN541,Hypervalinemia,E70-E90,E71.1,who-icd,,
KMN542,Hyperhydroxyprolinemia,E70-E90,E72.5,who-icd,,
KMN543,Hyperprolinemia Type II,E70-E90,E72.5,who-icd,,
KMN544,Hyperprolinemia Type I,E70-E90,E72.5,who-icd,,
KMN547,Hyperleucine-Isoleucinemia,E70-E90,E71.1,who-icd,,
KMN548,Hyperuricemia,E70-E90,E79.0,who-icd,,
KMN551,Autosomal Recessive Hypercholesterolemia,E70-E90,E78.0,orphanet,,homozygous familial hypercholesterolemia
KMN552,Neuronal ceroid-lipofuscinosis,E70-E90,E75.4,who-icd;orphanet,,
KMN553,Erythropoietic Protoporphyria,E70-E90,E80.0,who-icd,,
KMN554,Congenital Chloridorrhea,E70-E90,P78.3,orphanet,,congenital chloride diarrhea
KMN555,Congenital Homocystinuria Syndrome,E70-E90,E72.1,who-icd,,
KMN556,Congenital Erythropoietic Porphyria,E70-E90,E80.0,orphanet,,
KMN557,Polygenic Hypercholesterolemia,E70-E90,E78.0,who-icd,,
KMN559,Multiple Carboxylase/Biotinidase Deficiency,E70-E90,E53.8,orphanet,,multiple carboxylase deficiency;biotinidase deficiency
KMN560,Variegate Porphyria,E70-E90,E80.2,orphanet,,variegate porphyria
KMN563,Hypouricemia,E70-E90,E79.8,who-icd;wikipedia,,
KMN564,Dibasic Aminoaciduria,E70-E90,E72.0,who-icd;wikipedia;orphanet,,lysinuric protein intolerance
KMN565,Lactate Dehydrogenase Deficiency,E70-E90,E74.4,orphanet,,glycogen storage disease due to lactate dehydrogenase deficiency
KMN568,Albinism (oculocutaneous),E70-E90,E70.3,orphanet,,oculocutaneous albinism type 1
KMN569,Porphyria Cutanea Tarda,E70-E90,E80.1,cms-gov-2021,,
KMN570,Nonketotic hyperglycinemia-type I,E70-E90,E72.5,orphanet,,glycine encephalopathy
KMN571,Essential Fructosuria,E70-E90,E74.11,cms-gov-2021,,
KMN572,Essential pentosuria,E70-E90,E74.8,who-icd,,
KMN575,Depression,F30-F39,F32,who-icd,,
KMN577,Anorexia Nervosa,F50-F59,F50.0,cms-gov-2021,,
KMN580,Acute Bacterial Meningitis,G00-G09,G00.9,who-icd,,
KMN581,Hypothalamic Encephalitis,G00-G09,G05,who-icd,,
KMN582,Paraneoplastic Encephalomyelitis,G00-G09,G04,who-icd,,
KMN583,Brainstem Encephalitis,G00-G09,G04.8,who-icd;wikipedia,,
KMN584,Encephalomyelitis,G00-G09,G05.1,who-icd,,
KMN585,Limbic Encephalitis,G00-G09,G04.81,wikipedia,,
KMN586,X-Linked Spinobulbar Muscular Atrophy,G10-G13,G12.1,kegg_disease,,
KMN590,Amyotrophic Lateral Sclerosis,G10-G13,G12.21,cms-gov-2021,,
KMN591,Dentatorubropallidoluysian Atrophy,G10-G13,G11.2,kegg_disease,,
KMN594,DOPA-responsive Dystonia,G20-G26,G24.8,orphanet,,
KMN596,Hereditary progressive dystonia,G20-G26,G24.8,orphanet,,dopa responsive dystonia
KMN598,Opsoclonus-Myoclonus,G20-G26,G25.3,orphanet,,
KMN600,Early-onset torsion dystonia,G20-G26,G24.1,orphanet; kegg_disease,,
KMN601,Idiopathic Torsion Dystonia,G20-G26,G24.1,who-icd,,
KMN602,Chorea,G20-G26,G25.5,who-icd,,
KMN616,Miller-Dieker's syndrome,G40-G47,Q04.3,orphanet; kegg_disease,,
KMN617,Epilepsy Syndrome,G40-G47,G49.5,who-icd,,
KMN619,Familial Hemiplegic Migraine,G40-G47,G43.1,who-icd,,
KMN621,Sleep Apnea,G40-G47,G47.3,cms-gov-2021,,
KMN622,MERRF Syndrome,G40-G47,G71.3,cms-gov-2021,,
KMN623,Severe myoclonic epilepsy of infancy,G40-G47,G40.4,orphanet,,dravet syndrome severe myoclonic epilepsy of infancy
KMN624,Generalized Epilepsy with Febrile Convulsions Plus,G40-G47,G40.3,orphanet,,
KMN625,Migraine,G40-G47,G43,cms-gov-2021,,
KMN626,Benign Neonatal Familial Convulsion,G40-G47,G40.3,orphanet,,benign familial neonatal epilepsy
KMN648,Myotonic Dystrophy Type 1,G70-G73,G71.1,who-icd,,
KMN649,Myotonic Dystrophy Type 2,G70-G73,G71.1,who-icd,,
KMN654,Schwartz-Jampel syndrome (chondrodystrophic myotonia),G70-G73,G71.1,who-icd,,
KMN655,Stiff-Person Syndrome,G70-G73,G25.8,who-icd,,
KMN658,Thomsen's Disease,G70-G73,G71.1,who-icd,,
KMN659,Na channel myotonia,G70-G73,G71.1,kegg_disease,,non-dystrophic myotonia
KMN662,Becker's Disease,G70-G73,G71.0,kegg_disease,,dystrophinopathies
KMN663,Mitochondrial DNA Depletion Myopathy,G70-G73,G71.3,web,,
KMN665,Primary merosin deficiency,G70-G73,G71.0,orphanet,,merosin-deficient congenital muscular dystrophy
KMN666,Hereditary Inclusion Body Myopathy,G70-G73,G71.8,who-icd;wikipedia,,
KMN667,Distal Myopathy with Rimmed Vacuoles,G70-G73,G71.8,orphanet,,GNE myopathy
KMN670,Hyperkalemic Periodic Paralysis,G70-G73,G72.3,who-icd;wikipedia,,
KMN673,Limb-Girdle Muscular Dystrophy 1A,G70-G73,G71.0,orphanet,,
KMN674,Limb-Girdle Muscular Dystrophy 1B,G70-G73,NO_DATA,,,found in orphanet but no icd 10
KMN676,Limb-Girdle Muscular Dystrophy 1D,G70-G73,G71.0,orphanet,,
KMN677,Limb-Girdle Muscular Dystrophy 1E,G70-G73,NO_DATA,,,found in orphanet but no icd 10
KMN678,Limb-Girdle Muscular Dystrophy 2A,G70-G73,G71.0,orphanet,,calpain-3-related limb-girdle muscular dystrophy R1
KMN680,Limb-Girdle Muscular Dystrophy 2C,G70-G73,G71.0,orphanet,,gamma-sarcoglycan-related limb-girdle muscular dystrophy R5
KMN681,Limb-Girdle Muscular Dystrophy 2D,G70-G73,G71.0,orphanet,,alpha-sarcoglycan-related limb-girdle muscular dystrophy R3
KMN682,Limb-Girdle Muscular Dystrophy 2E,G70-G73,G71.0,orphanet,,beta-sarcoglycan-related limb-girdle muscular dystrophy R4
KMN683,Limb-Girdle Muscular Dystrophy 2F,G70-G73,G71.0,orphanet,,delta-sarcoglycan-related limb-girdle muscular dystrophy R6
KMN684,Limb-Girdle Muscular Dystrophy 2G,G70-G73,G71.0,orphanet,,telethonin-related limb-girdle muscular dystrophy R7
KMN685,Limb-Girdle Muscular Dystrophy 2H,G70-G73,G71.0,orphanet,,TRIM32-related limb-girdle muscular dystrophy R8
KMN686,Limb-Girdle Muscular Dystrophy 2I,G70-G73,G71.0,orphanet,,FKRP-related limb-girdle muscular dystrophy R9
KMN687,Limb-Girdle Muscular Dystrophy 2J,G70-G73,G71.0,orphanet,,titin-related limb-girdle muscular dystrophy R10
KMN688,Neuromyotonia,G70-G73,G71.1,who-icd,,
KMN693,Hypokalemic Periodic Paralysis,G70-G73,G72.3,who-icd,,
KMN696,Familial Spastic Paraplegia,G80-G83,G82.1,who-icd,,
KMN703,Paraneoplastic Retinopathy,H30-H36,H36,web,,
KMN704,Diabetic Proliferative Retinopathy,H30-H36,H35.2,cms-gov-2021,,
KMN705,Gyrate Atrophy of the Choroid and Retina,H30-H36,E72.4,orphanet,,
KMN706,Glaucoma,H40-H42,H40,cms-gov-2021,,
KMN711,11beta-hydroxysteroid dehydrogenase deficiency,I10-I15,E25.8;E26.1,orphanet,,
KMN712,11beta-hydroxylase deficiency,I10-I15,E25.0,orphanet,,congenital adrenal hyperplasia due to 11-beta-hydroxylase deficiency
KMN714,Hypertension under acute psychological stress,I10-I15,NO_DATA,,,
KMN715,Juvenile hypertension,I10-I15,NO_DATA,,,
KMN716,Renovascular Hypertension,I10-I15,I15.0,cms-gov-2021,,
KMN717,Renal Parenchymal Hypertension,I10-I15,NO_DATA,,,
KMN718,Endocrine hypertension,I10-I15,I15.2,cms-gov-2021,,hypertension secondary to endocrine disorders
KMN719,Essential Hypertension,I10-I15,I10,cms-gov-2021,,essential (primary) hypertension
KMN729,Pulmonary Thromboembolism,I26-I28,I27.2,cms-gov-2021,,Chronic thromboembolic pulmonary hypertension
KMN730,Pulmonary Embolism,I26-I28,I26,cms-gov-2021,,
KMN733,Catecholamine VT,I30-I52,I47.2,orphanet,,catecholaminergic polymorphic ventricular tachycardia
KMN734,Jorvell and Lange-Nielsen Syndrome,I30-I52,I45.8,orphanet,,Jervell and Lange-Nielsen syndrome
KMN737,Acute Pericarditis,I30-I52,I30,cms-gov-2021,,
KMN742,Aneurysm,I70-I79,I71;I72,cms-gov-2021,,
KMN748,Bronchiectasis,J40-J47,J47,cms-gov-2021,,
KMN749,Emphysema,J40-J47,J43,cms-gov-2021,,
KMN750,Chronic Obstructive Pulmonary Disease,J40-J47,J44,cms-gov-2021,,
KMN752,Hypersensitivity Pneumonitis,J60-J70,J67,orphanet,,
KMN758,Type A Gastritis,K20-K31,K29.4,who-icd;wikipedia,,gastric atrophy
KMN759,Menetrier's Disease,K20-K31,K29.6,orphanet,,
KMN760,Gastroesophageal regurgitation,K20-K31,K21.9,cms-gov-2021,,Gastro-esophageal reflux disease without esophagitis
KMN761,Peptic Ulcer Disease,K20-K31,K27.9,cms-gov-2021,,"Peptic ulcer, site unspecified, unspecified as acute or chronic, without hemorrhage or perforation"
KMN764,Mesenteric Venous Thrombosis,K55-K63,NO_DATA,,,
KMN774,Gallstone,K80-K87,K80.5,who-icd,,
KMN782,Lymphomatoid Papulosis,L40-L45,C86.6,orphanet,low,
KMN784,Urticaria,L50-L54,L50,cms-gov-2021,,
KMN785,Papular Mucinosis,L80-L99,L98.5,orphanet,,
KMN786,Lichen Myxedematosus,L80-L99,L98.5,orphanet,,
KMN787,Psoriatic Arthritis,M05-M14,L40.5,cms-gov-2021,,Psoriatic arthritis mutilans
KMN789,Adult Still's disease,M05-M14,M06.1,orphanet,,adult-onset Still disease
KMN790,Monosodium Urate Gout,M05-M14,M10,kegg_disease,,gout
KMN791,CPPD Deposition Disease,M05-M14,M11,cms-gov-2021,,non-gout crystal arthropathy
KMN792,Uric Acid Nephropathy,M05-M14,NO_DATA,,,
KMN793,Reactive Arthritis,M05-M14,M02.3,orphanet,,
KMN797,Wegener's Granulomatosis,M30-M36,M31.3,cms-gov-2021,,
KMN798,Goodpasture's Syndrome,M30-M36,M31.0,orphanet,,anti-glomerular basement membrane disease
KMN800,Behcet's Syndrome,M30-M36,M35.2,orphanet,,
KMN806,Anti-Glomerular Basement Membrane Disease,M30-M36,M31.0,orphanet,,
KMN809,Polymyositis,M30-M36,M33.2,cms-gov-2021,,
KMN810,Dermatomyositis,M30-M36,M33.0;M33.1,orphanet,,
KMN820,Hypertrophic Osteoarthropathy,M86-M90,M89.4,orphanet,,primary hypertrophic osteoarthropathy
KMN823,Light Chain Deposition Disease,N00-N08,D89.8,orphanet,,not matching
KMN824,Cryoglobulinemia Glomerulopathy,N00-N08,D89.1,cms-gov-2021,,Cryoglobulinemia
KMN825,Mesangioproliferative Glomerulonephritis,N00-N08,N00.5,cms-gov-2021,,Acute nephritic syndrome with diffuse mesangiocapillary glomerulonephritis
KMN828,Focal and Segmental Glomerulosclerosis,N00-N08,N05.1,kegg_disease,low,focal segmental glomeruloscierosis
KMN830,Idiopathic Renal-Limited Crescentic Glomerulonephritis,N00-N08,N01.9,kegg_disease,low,rapidly progressive glomerulonephritis
KMN831,Crescentic Glomerulonephritis,N00-N08,N01.9,kegg_disease,low,rapidly progressive glomerulonephritis
KMN832,Minimal Change Disease,N00-N08,NO_DATA,,,
KMN833,Membranous Glomerulopathy,N00-N08,N04.2,orphanet,,primary membranous glomerulonephritis
KMN835,Thin Basement Membrane Nephropathy,N00-N08,N05.8,who-icd;wikipedia,,
KMN838,Type 1 Renal Tubular Acidosis,N25-N29,N25.8,orphanet,,distal renal tubular acidosis
KMN839,Type 2 Renal Tubular Acidosis,N25-N29,N25.8,orphanet,,proximal renal tubular acidosis
KMN840,Type 3 Renal Tubular Acidosis,N25-N29,Q78.2,orphanet,low,osteropetrosis with renal tubular acidosis
KMN841,Type 4 Renal Tubular Acidosis,N25-N29,NO_DATA,,,
KMN842,Renal osteodystrophy,N25-N29,N25.0,cms-gov-2021,,
KMN853,Congenital Heart Disease,Q20-Q28,Q24.9,who-icd;csm-gov-2021,,"Congenital malformation of heart, unspecified"
KMN856,Mayer-Rokitansky-Kuster-Hauser Syndrome,Q50-Q56,Q51.8,orphanet,,
KMN857,Leydig Cell Hypoplasia,Q50-Q56,Q56.1,orphanet,,
KMN858,Gonadal Dysgenesis,Q50-Q56,Q96.9;Q99.1,who-icd,,
